logged_at,date,div,home,away,pH,pD,pA,p_over,score_pick,openH,openD,openA,status
2026-07-31T12:53:17+00:00,2026-07-31,SC0,Dundee Utd,Rangers,0.2027,0.2066,0.5906,0.4465,0-2,5.75,4.33,1.46,pending
2026-07-31T12:53:17+00:00,2026-08-01,SC0,Falkirk,St. Mirren,0.3855,0.2876,0.3269,0.316,1-1,1.96,3.6,3.5,pending
2026-07-31T12:53:17+00:00,2026-08-03,SC0,Celtic,Dundee FC,0.7719,0.1496,0.0784,0.785,2-0,1.17,7.5,10.0,pending
2026-08-14T11:40:43+00:00,2026-08-16,P1,Sp Braga,Gil Vicente,0.5794000029563904,0.2370000034570694,0.1836999952793121,0.4681,1-0,1.56,3.75,5.75,pending
2026-08-14T11:40:43+00:00,2026-08-17,SP1,Dep. A Coruna,Elche,0.4449000060558319,0.2682999968528747,0.2869000136852264,0.5544,1-1,2.3,3.0,3.5,pending
2026-08-18T11:20:26+00:00,2026-08-19,SP1,Atl. Madrid,Malaga,0.569599986076355,0.2451000064611435,0.1852000057697296,0.5854,1-1,1.33,5.25,9.5,pending
2026-08-18T11:20:26+00:00,2026-08-20,SP1,Rayo Vallecano,Alaves,0.3889000117778778,0.272599995136261,0.3384999930858612,0.4725,1-1,2.25,3.0,3.6,pending
2026-08-21T15:27:38+00:00,2026-08-23,F1,Paris SG,Rennes,0.6524999737739563,0.1977999955415725,0.1497000008821487,0.7171,2-1,1.5,4.75,5.75,pending
2026-09-15T15:24:58+00:00,2026-09-16,SP1,Levante,Ath Bilbao,0.3840000033378601,0.2976999878883362,0.3183000087738037,0.5181,1-1,3.4,3.5,2.1,pending
2026-10-09T11:37:44+00:00,2026-10-09,B1,Beveren,Lommel SK,0.35280001163482666,0.2791999876499176,0.36800000071525574,0.429,1-1,1.75,3.8,3.9,pending
2026-10-09T11:37:44+00:00,2026-10-10,B1,Cercle Brugge,Anderlecht,0.29910001158714294,0.266400009393692,0.4345000088214874,0.5358,1-1,3.5,3.6,1.91,pending
2026-10-09T11:37:44+00:00,2026-10-10,B1,RAAL La Louviere,Club Brugge,0.11320000141859055,0.16509999334812164,0.7217000126838684,0.5791,0-2,6.25,4.33,1.42,pending
2026-10-09T11:37:44+00:00,2026-10-10,B1,Genk,Kortrijk,0.7605000138282776,0.15549999475479126,0.08399999886751175,0.6924,2-0,1.42,4.5,6.0,pending
2026-10-09T11:37:44+00:00,2026-10-10,B1,Waregem,Gent,0.4302999973297119,0.2685000002384186,0.3012000024318695,0.5101,1-1,2.75,3.25,2.35,pending
2026-10-09T11:37:44+00:00,2026-10-11,B1,Standard,Charleroi,0.3677999973297119,0.28130000829696655,0.35089999437332153,0.477,1-1,2.9,3.25,2.25,pending
2026-10-09T11:37:44+00:00,2026-10-11,B1,St. Gilloise,Oud-Heverlee Leuven,0.8628000020980835,0.09160000085830688,0.04569999873638153,0.7301,3-0,1.22,5.75,9.5,pending
2026-10-09T11:37:44+00:00,2026-10-11,B1,Westerlo,Antwerp,0.35260000824928284,0.2689000070095062,0.3785000145435333,0.5296,1-1,2.1,3.6,3.0,pending
2026-10-09T11:37:44+00:00,2026-10-11,B1,Mechelen,St Truiden,0.2410999983549118,0.24310000240802765,0.5159000158309937,0.5072,1-1,3.2,3.5,2.05,pending
2026-10-09T11:37:44+00:00,2026-10-09,D1,Dortmund,Werder Bremen,0.7421000003814697,0.16830000281333923,0.08959999680519104,0.605,2-0,1.3,5.5,9.0,pending
2026-10-09T11:37:44+00:00,2026-10-10,D1,Augsburg,Bayern Munich,0.13089999556541443,0.18119999766349792,0.6879000067710876,0.8143,1-2,11.0,8.5,1.18,pending
2026-10-09T11:37:44+00:00,2026-10-10,D1,Hoffenheim,Hamburg,0.5221999883651733,0.25859999656677246,0.219200000166893,0.5376,1-1,1.42,5.0,7.0,pending
2026-10-09T11:37:44+00:00,2026-10-10,D1,Mainz,Leverkusen,0.2669000029563904,0.27559998631477356,0.45750001072883606,0.5576,1-1,3.0,3.8,2.2,pending
2026-10-09T11:37:44+00:00,2026-10-10,D1,Paderborn,Stuttgart,0.15189999341964722,0.20579999685287476,0.642300009727478,0.6247,1-2,4.75,4.75,1.6,pending
2026-10-09T11:37:44+00:00,2026-10-10,D1,Union Berlin,Elversberg,0.31630000472068787,0.26840001344680786,0.41530001163482666,0.5938,1-1,2.3,3.6,2.9,pending
2026-10-09T11:37:44+00:00,2026-10-10,D1,RB Leipzig,Ein Frankfurt,0.6284999847412109,0.20749999582767487,0.164000004529953,0.629,1-1,1.57,4.75,5.0,pending
2026-10-09T11:37:44+00:00,2026-10-11,D1,FC Koln,M'gladbach,0.4171999990940094,0.2720000147819519,0.3107999861240387,0.5669,1-1,2.0,3.9,3.3,pending
2026-10-09T11:37:44+00:00,2026-10-11,D1,Freiburg,Schalke 04,0.6517000198364258,0.19709999859333038,0.15119999647140503,0.5962,2-0,1.65,4.0,5.25,pending
2026-10-09T11:37:44+00:00,2026-10-10,E0,Arsenal,Leeds,0.7612000107765198,0.14820000529289246,0.09070000052452087,0.6558,2-0,1.4,5.0,7.5,pending
2026-10-09T11:37:44+00:00,2026-10-10,E0,Aston Villa,Brentford,0.4471000134944916,0.27649998664855957,0.27649998664855957,0.4885,1-1,2.63,3.5,2.6,pending
2026-10-09T11:37:44+00:00,2026-10-10,E0,Chelsea,Bournemouth,0.37059998512268066,0.26669999957084656,0.3625999987125397,0.4654,1-1,1.65,4.33,4.5,pending
2026-10-09T11:37:44+00:00,2026-10-10,E0,Ipswich,Fulham,0.3336000144481659,0.2782000005245209,0.3882000148296356,0.4679,1-1,2.8,3.4,2.5,pending
2026-10-09T11:37:44+00:00,2026-10-10,E0,Sunderland,Brighton,0.3100999891757965,0.25519999861717224,0.43479999899864197,0.5096,1-1,3.1,3.5,2.25,pending
2026-10-09T11:37:44+00:00,2026-10-10,E0,Man United,Tottenham,0.6266999840736389,0.20890000462532043,0.16439999639987946,0.5572,2-0,1.7,4.2,4.5,pending
2026-10-09T11:37:44+00:00,2026-10-11,E0,Crystal Palace,Nott'm Forest,0.3562999963760376,0.26339998841285706,0.38029998540878296,0.4734,1-1,2.7,3.2,2.7,pending
2026-10-09T11:37:44+00:00,2026-10-11,E0,Hull,Everton,0.2524000108242035,0.24979999661445618,0.49790000915527344,0.5083,1-1,3.7,3.4,2.05,pending
2026-10-09T11:37:44+00:00,2026-10-11,E0,Liverpool,Man City,0.26589998602867126,0.2605000138282776,0.47360000014305115,0.4943,1-1,2.7,3.6,2.45,pending
2026-10-09T11:37:44+00:00,2026-10-12,E0,Coventry,Newcastle,0.3127000033855438,0.27950000762939453,0.40790000557899475,0.4489,1-1,3.3,3.7,2.1,pending
2026-10-09T11:37:44+00:00,2026-10-09,E1,West Ham,QPR,0.6072999835014343,0.21979999542236328,0.1729000061750412,0.5513,2-0,1.41,4.33,7.0,pending
2026-10-09T11:37:44+00:00,2026-10-10,E1,Charlton,Bristol City,0.33079999685287476,0.2754000127315521,0.3937999904155731,0.4234,1-1,3.2,3.2,2.2,pending
2026-10-09T11:37:44+00:00,2026-10-10,E1,Swansea,Norwich,0.41110000014305115,0.27489998936653137,0.3138999938964844,0.479,1-1,2.3,3.5,2.82,pending
2026-10-09T11:37:45+00:00,2026-10-10,E1,West Brom,Birmingham,0.39640000462532043,0.27630001306533813,0.3273000121116638,0.4287,1-1,2.35,3.3,3.0,pending
2026-10-09T11:37:45+00:00,2026-10-10,E1,Blackburn,Cardiff,0.38850000500679016,0.2791000008583069,0.33239999413490295,0.458,1-1,2.65,3.5,2.4,pending
2026-10-09T11:37:45+00:00,2026-10-10,E1,Bolton,Stoke,0.3569999933242798,0.2750000059604645,0.36800000071525574,0.363,0-1,2.65,3.4,2.45,pending
2026-10-09T11:37:45+00:00,2026-10-10,E1,Derby,Wrexham,0.3034999966621399,0.26829999685287476,0.42820000648498535,0.4726,1-1,2.7,3.2,2.57,pending
2026-10-09T11:37:45+00:00,2026-10-10,E1,Middlesbrough,Wolves,0.43810001015663147,0.2639999985694885,0.2980000078678131,0.4994,1-1,2.15,3.7,2.85,pending
2026-10-09T11:37:45+00:00,2026-10-10,E1,Preston,Millwall,0.25,0.23770000040531158,0.5123000144958496,0.4695,0-1,2.82,3.3,2.35,pending
2026-10-09T11:37:45+00:00,2026-10-10,E1,Sheffield United,Lincoln,0.38830000162124634,0.2782999873161316,0.33329999446868896,0.4057,1-1,2.05,3.4,3.4,pending
2026-10-09T11:37:45+00:00,2026-10-10,E1,Watford,Burnley,0.3294000029563904,0.27140000462532043,0.3991999924182892,0.485,1-1,3.1,3.4,2.2,pending
2026-10-09T11:37:45+00:00,2026-10-11,E1,Southampton,Portsmouth,0.5769000053405762,0.22669999301433563,0.1965000033378601,0.5554,1-1,1.53,4.0,5.5,pending
2026-10-09T11:37:45+00:00,2026-10-09,F1,Lens,Lyon,0.4871000051498413,0.2599000036716461,0.2529999911785126,0.5718,1-1,2.5,3.6,2.63,pending
2026-10-09T11:37:45+00:00,2026-10-10,F1,Lille,Le Havre,0.7710000276565552,0.15109999477863312,0.0778999999165535,0.5478,2-0,1.44,4.5,7.5,pending
2026-10-09T11:37:45+00:00,2026-10-10,F1,Brest,Angers,0.525600016117096,0.26179999113082886,0.2125999927520752,0.4417,1-0,2.0,3.6,3.75,pending
2026-10-09T11:37:45+00:00,2026-10-10,F1,Lorient,Paris FC,0.3165999948978424,0.2824999988079071,0.4009000062942505,0.4397,1-1,3.25,3.4,2.2,pending
2026-10-09T11:37:45+00:00,2026-10-10,F1,Monaco,Toulouse,0.6248999834060669,0.23000000417232513,0.1451999992132187,0.5689,1-1,1.6,4.1,5.5,pending
2026-10-09T11:37:45+00:00,2026-10-10,F1,Paris SG,Le Mans,0.76419997215271,0.15389999747276306,0.08190000057220459,0.6798,2-0,1.09,12.0,21.0,pending
2026-10-09T11:37:45+00:00,2026-10-11,F1,Nice,Strasbourg,0.2671000063419342,0.26660001277923584,0.46630001068115234,0.4709,1-1,2.35,3.6,3.0,pending
2026-10-09T11:37:45+00:00,2026-10-11,F1,Rennes,Auxerre,0.6771000027656555,0.1881999969482422,0.13459999859333038,0.6513,2-0,1.44,4.75,7.0,pending
2026-10-09T11:37:45+00:00,2026-10-11,F1,Troyes,Marseille,0.13019999861717224,0.1907999962568283,0.6790000200271606,0.6373,0-2,3.75,3.75,1.91,pending
2026-10-09T11:37:45+00:00,2026-10-10,G1,AEK,OFI Crete,0.8133000135421753,0.12020000070333481,0.06639999896287918,0.6252,2-0,1.19,5.75,12.0,pending
2026-10-09T11:37:45+00:00,2026-10-10,G1,Asteras Tripolis,Atromitos,0.34700000286102295,0.2851000130176544,0.367900013923645,0.4571,1-1,2.35,3.2,3.0,pending
2026-10-09T11:37:45+00:00,2026-10-11,G1,Iraklis,Levadeiakos,0.34450000524520874,0.28790000081062317,0.3675000071525574,0.3875,1-1,2.2,3.0,3.5,pending
2026-10-09T11:37:45+00:00,2026-10-11,G1,Kifisia,Panetolikos,0.39809998869895935,0.2840999960899353,0.31779998540878296,0.3886,1-1,1.81,3.3,4.33,pending
2026-10-09T11:37:45+00:00,2026-10-11,G1,Aris,Volos NFC,0.7839000225067139,0.12439999729394913,0.0917000025510788,0.593,2-0,1.46,3.9,7.0,pending
2026-10-09T11:37:45+00:00,2026-10-11,G1,Olympiakos,Panathinaikos,0.535099983215332,0.2605000138282776,0.20440000295639038,0.5019,1-1,2.15,3.1,3.5,pending
2026-10-09T11:37:45+00:00,2026-10-12,G1,PAOK,Kalamata,0.6710000038146973,0.2078000009059906,0.12120000272989273,0.4984,1-0,1.17,7.0,12.0,pending
2026-10-09T11:37:45+00:00,2026-10-10,I1,Genoa,Fiorentina,0.3479999899864197,0.28600001335144043,0.3659999966621399,0.328,0-1,3.3,3.25,2.25,pending
2026-10-09T11:37:45+00:00,2026-10-10,I1,Inter,Parma,0.8289999961853027,0.11729999631643295,0.053700000047683716,0.5893,2-0,1.14,8.0,19.0,pending
2026-10-09T11:37:45+00:00,2026-10-10,I1,Napoli,Frosinone,0.6543999910354614,0.20739999413490295,0.13819999992847443,0.4789,1-0,1.44,4.75,7.0,pending
2026-10-09T11:37:45+00:00,2026-10-11,I1,Como,Roma,0.3041999936103821,0.2897000014781952,0.40610000491142273,0.4456,1-1,2.6,3.5,2.6,pending
2026-10-09T11:37:45+00:00,2026-10-11,I1,Lazio,Monza,0.7498000264167786,0.1615999937057495,0.08860000222921371,0.5461,2-0,1.57,4.0,6.0,pending
2026-10-09T11:37:45+00:00,2026-10-11,I1,Lecce,Bologna,0.23010000586509705,0.2581999897956848,0.5116999745368958,0.4668,1-1,4.2,3.3,1.85,pending
2026-10-09T11:37:45+00:00,2026-10-11,I1,Sassuolo,Milan,0.302700012922287,0.25839999318122864,0.4388999938964844,0.4624,1-1,4.33,3.6,1.75,pending
2026-10-09T11:37:45+00:00,2026-10-11,I1,Cagliari,Juventus,0.20360000431537628,0.2248000055551529,0.5716000199317932,0.437,0-1,7.0,3.75,1.55,pending
2026-10-09T11:37:45+00:00,2026-10-12,I1,Atalanta,Venezia,0.6488000154495239,0.22290000319480896,0.1282999962568283,0.4709,1-0,1.57,4.2,5.75,pending
2026-10-09T11:37:45+00:00,2026-10-12,I1,Torino,Udinese,0.3077999949455261,0.2694999873638153,0.4226999878883362,0.4716,1-1,2.3,3.2,3.3,pending
2026-10-09T11:37:45+00:00,2026-10-09,N1,PSV Eindhoven,Heerenveen,0.8312000036239624,0.10459999740123749,0.06419999897480011,0.737,2-0,1.27,6.0,8.5,pending
2026-10-09T11:37:45+00:00,2026-10-10,N1,Go Ahead Eagles,Sparta Rotterdam,0.4578999876976013,0.28220000863075256,0.2599000036716461,0.5535,1-1,1.75,4.0,4.1,pending
2026-10-09T11:37:45+00:00,2026-10-10,N1,Feyenoord,AZ Alkmaar,0.4830000102519989,0.27300000190734863,0.24400000274181366,0.5629,1-1,1.8,4.2,3.75,pending
2026-10-09T11:37:45+00:00,2026-10-10,N1,For Sittard,Twente,0.18860000371932983,0.22619999945163727,0.5852000117301941,0.6142,1-1,6.0,5.0,1.44,pending
2026-10-09T11:37:45+00:00,2026-10-10,N1,Ajax,Nijmegen,0.49239999055862427,0.26460000872612,0.24300000071525574,0.5203,1-1,1.3,5.5,8.5,pending
2026-10-09T11:37:45+00:00,2026-10-11,N1,Utrecht,Willem II,0.6690000295639038,0.20399999618530273,0.12710000574588776,0.6533,2-0,1.5,4.33,6.0,pending
2026-10-09T11:37:45+00:00,2026-10-11,N1,Telstar,Den Haag,0.5056999921798706,0.2711000144481659,0.2231999933719635,0.5682,1-1,2.0,3.8,3.3,pending
2026-10-09T11:37:45+00:00,2026-10-11,N1,Zwolle,Cambuur,0.48669999837875366,0.2863999903202057,0.22689999639987946,0.5184,1-1,1.95,3.75,3.5,pending
2026-10-09T11:37:45+00:00,2026-10-11,N1,Excelsior,Groningen,0.4417000114917755,0.26969999074935913,0.28859999775886536,0.569,1-1,2.55,3.6,2.55,pending
2026-10-09T11:37:45+00:00,2026-10-09,P1,Moreirense,Gil Vicente,0.33550000190734863,0.27489998936653137,0.3894999921321869,0.38,1-1,3.25,3.1,2.25,pending
2026-10-09T11:37:45+00:00,2026-10-09,P1,Sp Braga,Sp Lisbon,0.18279999494552612,0.2094999998807907,0.607699990272522,0.5302,0-2,3.1,3.2,2.25,pending
2026-10-09T11:37:45+00:00,2026-10-10,P1,Casa Pia,Santa Clara,0.29350000619888306,0.2720000147819519,0.4345000088214874,0.3796,0-1,4.5,3.25,1.81,pending
2026-10-09T11:37:45+00:00,2026-10-10,P1,Maritimo,Porto,0.10999999940395355,0.16030000150203705,0.7297000288963318,0.5511,0-2,8.5,5.0,1.3,pending
2026-10-09T11:37:45+00:00,2026-10-10,P1,Academico Viseu,Estoril,0.3646000027656555,0.28850001096725464,0.3467999994754791,0.4472,1-1,2.25,3.4,3.0,pending
2026-10-09T11:37:45+00:00,2026-10-11,P1,Rio Ave,Nacional,0.4133000075817108,0.2946999967098236,0.29190000891685486,0.4817,1-1,2.2,3.2,3.2,pending
2026-10-09T11:37:45+00:00,2026-10-11,P1,Benfica,Guimaraes,0.8474000096321106,0.1054999977350235,0.047200001776218414,0.7047,3-0,1.19,6.0,12.0,pending
2026-10-09T11:37:45+00:00,2026-10-11,P1,Arouca,Estrela,0.4934000074863434,0.27619999647140503,0.2303999960422516,0.4533,1-1,2.05,3.3,3.5,pending
2026-10-09T11:37:45+00:00,2026-10-12,P1,Famalicao,Alverca,0.5368000268936157,0.2709999978542328,0.19220000505447388,0.4269,1-0,1.79,3.3,4.75,pending
2026-10-09T11:37:45+00:00,2026-10-10,SC0,Dundee United,Hibernian,0.32359999418258667,0.2734000086784363,0.40310001373291016,0.437,1-1,2.57,3.6,2.35,pending
2026-10-09T11:37:45+00:00,2026-10-10,SC0,Falkirk,Dundee,0.3962000012397766,0.2930999994277954,0.31060001254081726,0.4999,1-1,1.96,3.6,3.5,pending
2026-10-09T11:37:45+00:00,2026-10-10,SC0,Hearts,St Mirren,0.744700014591217,0.16030000150203705,0.0949999988079071,0.6081,2-0,1.42,5.0,5.75,pending
2026-10-09T11:37:45+00:00,2026-10-10,SC0,Rangers,Kilmarnock,0.7508999705314636,0.15770000219345093,0.09139999747276306,0.6131,2-0,1.11,7.5,17.0,pending
2026-10-09T11:37:45+00:00,2026-10-11,SC0,Motherwell,Celtic,0.1437000036239624,0.18389999866485596,0.6723999977111816,0.6299,0-2,4.75,4.5,1.53,pending
2026-10-09T11:37:45+00:00,2026-10-11,SC0,Aberdeen,St Johnstone,0.4108999967575073,0.29179999232292175,0.2973000109195709,0.4204,1-1,2.1,3.4,3.25,pending
2026-10-09T11:37:45+00:00,2026-10-09,SP1,Malaga,Espanol,0.3125999867916107,0.27970001101493835,0.4077000021934509,0.434,1-1,2.9,3.2,2.55,pending
2026-10-09T11:37:45+00:00,2026-10-10,SP1,Vallecano,Ath Bilbao,0.4041999876499176,0.2732999920845032,0.32249999046325684,0.5441,1-1,2.7,3.4,2.6,pending
2026-10-09T11:37:45+00:00,2026-10-10,SP1,Alaves,Ath Madrid,0.3393999934196472,0.2791000008583069,0.3815000057220459,0.4615,1-1,4.1,3.8,1.8,pending
2026-10-09T11:37:45+00:00,2026-10-10,SP1,Barcelona,Getafe,0.8677999973297119,0.08739999681711197,0.04479999840259552,0.6985,3-0,1.08,12.0,23.0,pending
2026-10-09T11:37:45+00:00,2026-10-10,SP1,Real Madrid,Villarreal,0.628000020980835,0.20509999990463257,0.16680000722408295,0.6316,2-1,1.38,6.0,6.25,pending
2026-10-09T11:37:45+00:00,2026-10-11,SP1,Elche,Celta,0.3693000078201294,0.28519999980926514,0.34549999237060547,0.429,1-1,2.8,3.2,2.63,pending
2026-10-09T11:37:45+00:00,2026-10-11,SP1,Sociedad,La Coruna,0.48730000853538513,0.26100000739097595,0.2517000138759613,0.5277,1-1,1.62,3.9,5.5,pending
2026-10-09T11:37:45+00:00,2026-10-11,SP1,Betis,Osasuna,0.5552999973297119,0.24770000576972961,0.19699999690055847,0.5295,1-1,1.57,4.0,6.0,pending
2026-10-09T11:37:45+00:00,2026-10-11,SP1,Santander,Valencia,0.35359999537467957,0.2865999937057495,0.3598000109195709,0.4525,1-1,2.3,3.6,3.0,pending
2026-10-09T11:37:45+00:00,2026-10-12,SP1,Levante,Sevilla,0.3644999861717224,0.2825999855995178,0.3528999984264374,0.4835,1-1,2.75,3.25,2.63,pending
2026-10-09T11:37:45+00:00,2026-10-09,T1,Galatasaray,Kasimpasa,0.8069999814033508,0.12409999966621399,0.06889999657869339,0.6717,2-0,1.24,5.25,10.0,pending
2026-10-09T11:37:45+00:00,2026-10-10,T1,Genclerbirligi,Amedspor,0.35040000081062317,0.2827000021934509,0.3668999969959259,0.4966,1-1,3.1,3.3,2.05,pending
2026-10-09T11:37:45+00:00,2026-10-10,T1,Alanyaspor,Erzurumspor,0.44179999828338623,0.29089999198913574,0.267300009727478,0.4353,1-1,1.91,3.25,3.8,pending
2026-10-09T11:37:45+00:00,2026-10-10,T1,Samsunspor,Trabzonspor,0.3215999901294708,0.25940001010894775,0.4189999997615814,0.5329,1-1,3.5,3.6,1.86,pending
2026-10-09T11:37:45+00:00,2026-10-10,T1,Rizespor,Fenerbahce,0.1843000054359436,0.2207999974489212,0.5949000120162964,0.6012,1-2,4.5,3.75,1.62,pending
2026-10-09T11:37:45+00:00,2026-10-11,T1,Konyaspor,Buyuksehyr,0.21770000457763672,0.25760000944137573,0.5246999859809875,0.5269,1-1,2.55,3.4,2.45,pending
2026-10-09T11:37:45+00:00,2026-10-11,T1,Gaziantep,Corum,0.4253000020980835,0.2752000093460083,0.2994999885559082,0.5513,1-1,2.5,3.25,2.55,pending
2026-10-09T11:37:45+00:00,2026-10-11,T1,Besiktas,Kocaelispor,0.6897000074386597,0.18310000002384186,0.12720000743865967,0.5432,2-0,1.24,4.75,11.0,pending
2026-10-09T11:37:45+00:00,2026-10-12,T1,Eyupspor,Goztep,0.3084000051021576,0.2728999853134155,0.4187000095844269,0.4481,1-1,3.7,3.5,1.86,pending
