date,div,home,away,pH,pD,pA,pick,p_over,score_pick,actual,result,hit_1x2,hit_score,hit_ou,logloss,bet_side,clv,roi,graded_at
2026-07-22,Champions League,Omonia Nicosia,Kairat Almaty,0.66,0.16,0.18,H,0.48,1-0,1-0,H,1,1,1,0.4155,,,,2026-07-23T15:46:45+00:00
2026-07-22,Champions League,Levski Sofia,Universitatea Craiova,0.42,0.26,0.32,H,0.48,1-1,1-0,H,1,0,1,0.8675,,,,2026-07-23T15:46:45+00:00
2026-07-22,Champions League,Egnatia,Celje,0.19,0.1,0.71,A,0.48,0-1,3-3,D,0,0,0,2.3026,,,,2026-07-23T15:46:45+00:00
2026-07-23,Conference League,Rakow,Valletta,0.84,0.118,0.041,H,0.678,3-0,3-1,H,1,0,1,0.1744,,,,2026-07-24T04:12:28+00:00
2026-07-23,Conference League,Dunajska Streda,Velez Mostar,0.655,0.217,0.128,H,0.603,1-1,1-0,H,1,0,0,0.4231,,,,2026-07-24T04:12:28+00:00
2026-07-23,Conference League,AEK Larnaca,Beitar Jerusalem,0.547,0.25,0.203,H,0.668,2-0,0-1,A,0,0,0,1.5945,,,,2026-07-24T04:12:28+00:00
2026-07-23,Europa League,Dynamo Kyiv,PAOK,0.322,0.259,0.419,A,0.552,1-1,2-3,A,1,0,1,0.8699,,,,2026-07-24T04:12:28+00:00
2026-07-23,Europa League,Hammarby,Anderlecht,0.494,0.262,0.244,H,0.516,1-1,1-1,D,0,1,0,1.3394,,,,2026-07-24T04:12:28+00:00
2026-07-23,Europa League,Tromso,Hradec Kralove,0.604,0.23,0.166,H,0.562,1-1,0-1,A,0,0,0,1.7958,,,,2026-07-24T04:12:28+00:00
2026-07-23,Conference League,Santa Coloma,Rapid Wien,0.097,0.141,0.763,A,0.679,0-2,1-3,A,1,0,1,0.2705,,,,2026-07-24T04:12:28+00:00
2026-07-23,Conference League,BATE Borisov,Sion,0.127,0.177,0.696,A,0.595,1-1,1-1,D,0,1,0,1.7316,,,,2026-07-24T04:12:28+00:00
2026-07-23,Conference League,Zimbru,Noah,0.229,0.238,0.533,A,0.557,1-1,1-1,D,0,1,0,1.4355,,,,2026-07-24T04:12:28+00:00
2026-07-23,Conference League,U Cluj,Brann,0.292,0.269,0.439,A,0.503,1-1,2-2,D,0,0,1,1.313,,,,2026-07-24T04:12:28+00:00
2026-07-23,Conference League,GAIS,Nordsjaelland,0.328,0.251,0.421,A,0.545,1-1,1-0,H,0,0,0,1.1147,,,,2026-07-24T04:12:28+00:00
2026-07-23,Conference League,Dinamo Tbilisi,Zalgiris,0.418,0.295,0.288,H,0.518,1-1,3-0,H,1,0,1,0.8723,,,,2026-07-24T04:12:28+00:00
2026-07-23,Conference League,Vaduz,Escaldes,0.726,0.172,0.102,H,0.679,2-0,4-0,H,1,0,1,0.3202,,,,2026-07-24T04:12:28+00:00
2026-07-23,Conference League,FCSB,Auda,0.78,0.148,0.072,H,0.679,2-0,2-3,A,0,0,1,2.6311,,,,2026-07-24T04:12:28+00:00
2026-07-23,Europa League,St Gallen,Benfica,0.128,0.167,0.705,A,0.667,0-2,2-1,H,0,0,1,2.0557,,,,2026-07-24T04:12:28+00:00
2026-07-23,Europa League,Twente,Ferencvaros,0.565,0.237,0.198,H,0.56,1-1,1-2,A,0,0,1,1.6195,,,,2026-07-24T04:12:28+00:00
2026-07-23,Europa League,Besiktas,Midtjylland,0.356,0.249,0.396,A,0.556,1-1,1-0,H,0,0,0,1.0328,,,,2026-07-24T04:12:28+00:00
2026-07-23,Conference League,Polissya,Copenhagen,0.239,0.228,0.533,A,0.566,1-1,3-3,D,0,0,1,1.4784,,,,2026-07-24T04:12:28+00:00
2026-07-23,Conference League,Paks,Panathinaikos,0.226,0.216,0.558,A,0.561,1-1,1-2,A,1,0,1,0.5834,,,,2026-07-24T04:12:28+00:00
2026-07-23,Conference League,Aluminij,Dinamo Tirana,0.358,0.28,0.362,A,0.494,1-1,1-1,D,0,1,1,1.273,,,,2026-07-24T04:12:28+00:00
2026-07-23,Conference League,Varazdin,Jablonec,0.348,0.27,0.382,A,0.498,1-1,3-2,H,0,0,0,1.0556,,,,2026-07-24T04:12:28+00:00
2026-07-23,Conference League,Lugano,Dukagjini,0.802,0.137,0.061,H,0.678,2-0,1-0,H,1,0,0,0.2206,,,,2026-07-24T04:12:28+00:00
2026-07-23,Conference League,LNZ Cherkasy,Gent,0.258,0.259,0.484,A,0.556,1-1,0-0,D,0,0,0,1.3509,,,,2026-07-24T04:12:28+00:00
2026-07-23,Conference League,Borac Banja Luka,Petrocub,0.584,0.231,0.184,H,0.562,1-1,3-0,H,1,0,1,0.5379,,,,2026-07-24T04:12:28+00:00
2026-07-23,Conference League,Zilina,GKS Katowice,0.355,0.262,0.383,A,0.502,1-1,2-1,H,0,0,1,1.0356,,,,2026-07-24T04:12:28+00:00
2026-07-23,Conference League,Rijeka,Derry City,0.751,0.166,0.083,H,0.627,2-1,1-0,H,1,0,0,0.2863,,,,2026-07-24T04:12:28+00:00
2026-07-23,Conference League,Motherwell,HB Torshavn,0.818,0.123,0.059,H,0.678,2-0,2-0,H,1,1,0,0.2009,,,,2026-07-24T04:12:28+00:00
2026-07-23,Conference League,Shelbourne,Nomme Kalju,0.649,0.216,0.135,H,0.638,2-1,5-2,H,1,0,1,0.4323,,,,2026-07-24T04:12:28+00:00
2026-07-23,Conference League,Bravo,Shkendija,0.485,0.267,0.248,H,0.574,1-1,2-1,H,1,0,1,0.7236,,,,2026-07-24T04:12:28+00:00
2026-07-23,Conference League,NSI Runavik,Koper,0.252,0.225,0.522,A,0.651,0-2,0-2,A,1,1,0,0.6501,,,,2026-07-24T04:12:28+00:00
2026-07-23,Conference League,Partizan,UNA Strassen,0.805,0.126,0.069,H,0.679,2-0,4-0,H,1,0,1,0.2169,,,,2026-07-24T04:12:28+00:00
2026-07-23,Conference League,Stjarnan,Ilves,0.396,0.262,0.342,H,0.545,1-1,1-0,H,1,0,0,0.9263,,,,2026-07-24T04:12:28+00:00
2026-07-23,Conference League,Valur,Zrinjski Mostar,0.338,0.269,0.394,A,0.486,1-1,1-0,H,0,0,1,1.0847,,,,2026-07-24T04:12:28+00:00
2026-07-25,Club Friendly,RB Leipzig,Ingolstadt,0.801,0.133,0.066,H,0.678,3-0,1-0,H,1,0,0,0.2219,,,,2026-07-26T07:53:40+00:00
2026-07-25,Club Friendly,Mainz,Holstein Kiel,0.613,0.219,0.168,H,0.659,2-0,3-0,H,1,0,1,0.4894,,,,2026-07-26T07:53:40+00:00
2026-07-25,Club Friendly,Kickers Offenbach,Leverkusen,0.06,0.089,0.851,A,0.679,0-2,1-3,A,1,0,1,0.1613,,,,2026-07-26T07:53:40+00:00
2026-07-25,Club Friendly,Wehen Wiesbaden,Bayern Munich,0.087,0.129,0.785,A,0.677,0-3,2-1,H,0,0,1,2.4418,,,,2026-07-26T07:53:40+00:00
2026-07-25,Club Friendly,Celtic,AC Milan,0.324,0.237,0.439,A,0.558,1-1,2-2,D,0,0,1,1.4397,,,,2026-07-26T07:53:40+00:00
2026-07-25,Club Friendly,Bologna,Iraklis,0.852,0.1,0.048,H,0.678,3-0,2-0,H,1,0,0,0.1602,,,,2026-07-26T07:53:40+00:00
2026-07-25,Club Friendly,QPR,Fiorentina,0.296,0.244,0.46,A,0.568,1-1,3-2,H,0,0,1,1.2174,,,,2026-07-26T07:53:40+00:00
2026-07-25,Club Friendly,Genoa,Vicenza,0.634,0.217,0.149,H,0.679,2-0,2-2,D,0,0,1,1.5279,,,,2026-07-26T07:53:40+00:00
2026-07-25,Club Friendly,Konyaspor,Hull City,0.335,0.255,0.41,A,0.531,1-1,0-3,A,1,0,1,0.8916,,,,2026-07-26T07:53:40+00:00
2026-07-25,Club Friendly,PSV Eindhoven,Villarreal,0.472,0.257,0.271,H,0.528,1-1,1-3,A,0,0,1,1.3056,,,,2026-07-26T07:53:40+00:00
2026-07-25,Club Friendly,Marseille,Nice,0.524,0.245,0.231,H,0.615,2-1,0-3,A,0,0,1,1.4653,,,,2026-07-26T07:53:40+00:00
2026-07-25,Club Friendly,Wolverhampton,Real Sociedad,0.429,0.273,0.298,H,0.535,1-1,1-2,A,0,0,1,1.2107,,,,2026-07-26T07:53:40+00:00
2026-07-25,Club Friendly,Rennes,Club Brugge,0.402,0.262,0.336,H,0.499,1-1,2-1,H,1,0,0,0.9113,,,,2026-07-26T07:53:40+00:00
2026-07-25,Club Friendly,Celta Vigo,Sporting Gijon,0.608,0.226,0.166,H,0.654,2-0,1-0,H,1,0,0,0.4976,,,,2026-07-26T07:53:40+00:00
2026-07-25,Club Friendly,Athletic Bilbao,Eibar,0.534,0.254,0.213,H,0.611,1-1,2-2,D,0,0,1,1.3704,,,,2026-07-26T07:53:40+00:00
2026-07-25,Club Friendly,Malaga,Leicester,0.452,0.266,0.282,H,0.572,1-1,3-3,D,0,0,1,1.3243,,,,2026-07-26T07:53:40+00:00
2026-07-25,Club Friendly,Standard Liege,Juventus,0.213,0.217,0.571,A,0.619,1-2,0-1,A,1,0,0,0.5604,,,,2026-07-26T07:53:40+00:00
2026-07-25,Club Friendly,Porto,Aston Villa,0.362,0.257,0.38,A,0.517,1-1,2-1,H,0,0,1,1.0161,,,,2026-07-26T07:53:40+00:00
2026-07-25,Club Friendly,Liverpool,Sunderland,0.603,0.217,0.18,H,0.639,2-1,4-2,H,1,0,1,0.5058,,,,2026-07-26T07:53:40+00:00
2026-07-28,Champions League,Dinamo Zagreb,Thun,0.558,0.243,0.199,H,0.603,1-1,0-2,A,0,0,0,1.6145,,,,2026-07-28T20:13:28+00:00
2026-07-28,Conference League,Drita,Floriana,0.632,0.213,0.155,H,0.642,2-1,2-1,H,1,1,1,0.4589,,,,2026-07-28T20:13:28+00:00
2026-07-28,Champions League,Shamrock Rovers,Ararat-Armenia,0.619,0.218,0.163,H,0.634,2-1,1-0,H,1,0,0,0.4797,,,,2026-07-28T20:13:28+00:00
2026-07-29,Conference League,Dukagjini,Lugano,0.128,0.145,0.726,A,0.673,0-2,1-5,A,1,0,1,0.3202,,,,2026-07-29T16:18:00+00:00
2026-07-29,Champions League,Lech Poznań,AGF Aarhus,0.368,0.27,0.361,H,0.484,1-1,1-4,A,0,0,0,1.0189,,,,2026-07-29T20:09:45+00:00
2026-07-29,Conference League,FC Copenhagen,Polissya Zhytomyr,0.746,0.165,0.089,H,0.679,2-0,2-1,H,1,0,1,0.293,,,,2026-07-29T20:09:45+00:00
2026-07-29,Champions League,Górnik Zabrze,Fenerbahçe,0.248,0.202,0.55,A,0.577,1-1,1-1,D,0,1,0,1.5995,,,,2026-07-29T20:09:45+00:00
2026-07-29,Conference League,Rapid Vienna,FC Santa Coloma,0.786,0.146,0.067,H,0.678,2-0,3-1,H,1,0,1,0.2408,,,,2026-07-29T20:09:45+00:00
2026-07-30,Europa League,FC Midtjylland,Beşiktaş,0.624,0.216,0.16,H,0.637,2-1,0-2,A,0,0,0,1.8326,,,,2026-07-30T20:13:06+00:00
2026-07-30,Europa League,Anderlecht,Hammarby,0.432,0.297,0.271,H,0.539,1-1,0-1,A,0,0,0,1.3056,,,,2026-07-30T20:13:06+00:00
2026-07-30,Europa League,Benfica,St. Gallen,0.781,0.149,0.07,H,0.678,2-0,1-0,H,1,0,0,0.2472,,,,2026-07-30T20:13:06+00:00
2026-07-30,Conference League,Braga,Železničar Pančevo,0.839,0.12,0.041,H,0.678,3-0,2-0,H,1,0,0,0.1755,,,,2026-07-30T20:13:06+00:00
2026-07-26,Club Friendly,Rangers,West Ham,0.286,0.226,0.488,A,0.607,1-1,0-0,D,0,0,0,1.4872,,,,2026-08-03T09:14:59+00:00
2026-08-04,Europa League,Shamrock Rovers,Egnatia,0.606,0.223,0.171,H,0.628,2-1,1-0,H,1,0,0,0.5009,,,,2026-08-04T20:21:37+00:00
2026-08-05,Champions League,AGF Aarhus,Sabah Baku,0.72,0.176,0.104,H,0.679,2-0,2-1,H,1,0,1,0.3285,,,,2026-08-05T20:22:26+00:00
2026-08-05,Champions League,Fenerbahçe,Sturm Graz,0.637,0.211,0.152,H,0.644,2-1,2-0,H,1,0,0,0.451,,,,2026-08-05T20:22:26+00:00
2026-08-05,Europa League,Ferencváros,Górnik Zabrze,0.5,0.267,0.233,H,0.573,1-1,1-0,H,1,0,0,0.6931,,,,2026-08-05T20:22:26+00:00
2026-08-12,Conference League,Rapid Vienna,Paide Linnameeskond,0.687,0.19,0.123,H,0.672,2-0,2-0,H,1,1,0,0.3754,,,,2026-08-12T19:59:25+00:00
2026-08-13,Europa League,Víkingur Reykjavík,Thun,0.27,0.213,0.517,A,0.56,1-1,3-2,H,0,0,1,1.3093,,,,2026-08-13T19:54:48+00:00
2026-08-13,Conference League,Drita,Tre Fiori,0.859,0.109,0.032,H,0.677,3-0,4-0,H,1,0,1,0.152,,,,2026-08-13T19:54:48+00:00
2026-08-13,Europa League,Rangers,Jagiellonia Białystok,0.478,0.277,0.246,H,0.562,1-1,1-0,H,1,0,0,0.7381,,,,2026-08-13T19:54:48+00:00
2026-08-13,Conference League,Motherwell,HJK Helsinki,0.592,0.229,0.179,H,0.62,2-1,0-0,D,0,0,0,1.474,,,,2026-08-13T19:54:48+00:00
2026-08-13,Europa League,Egnatia,Shamrock Rovers,0.29,0.223,0.487,A,0.545,1-1,2-0,H,0,0,0,1.2379,,,,2026-08-13T19:54:48+00:00
2026-08-14,Europa League,KÍ Klaksvík,Lech Poznań,0.15,0.156,0.694,A,0.654,0-2,0-5,A,1,0,1,0.3653,,,,2026-08-15T05:20:32+00:00
2026-08-26,Champions League,Lyon,Fenerbahçe,0.511,0.263,0.227,H,0.579,1-1,1-2,A,0,0,1,1.4828,,,,2026-08-26T21:34:59+00:00
2026-08-26,Champions League,Celje,Slovan Bratislava,0.527,0.256,0.217,H,0.587,1-1,1-2,A,0,0,1,1.5279,,,,2026-08-27T16:03:33+00:00
2026-08-27,Europa League,Viktoria Plzeň,Crvena Zvezda,0.392,0.289,0.32,H,0.507,1-1,5-1,H,1,0,1,0.9365,,,,2026-08-28T02:25:18+00:00
2026-08-27,Europa League,AGF Aarhus,Benfica,0.217,0.187,0.596,A,0.601,1-1,1-3,A,1,0,1,0.5175,,,,2026-08-28T02:25:18+00:00
2026-08-01,SC0,Aberdeen,Hearts,0.1526,0.2128,0.6346,A,0.4875,0-1,2-1,H,0,0,0,1.8799,A,-0.0444,-1.0,2026-09-13T15:54:11+00:00
2026-08-02,SC0,St Johnstone,Kilmarnock,0.3128,0.2677,0.4195,A,0.5054,1-1,4-3,H,0,0,1,1.1622,A,-0.1795,-1.0,2026-09-13T15:54:11+00:00
2026-08-02,SC0,Hibernian,Motherwell,0.3759,0.283,0.3411,H,0.4051,1-1,1-2,A,0,0,0,1.0756,A,-0.2841,2.1,2026-09-13T15:54:11+00:00
2026-08-07,B1,Club Brugge,Kortrijk,0.8062999844551086,0.1374000012874603,0.0562999993562698,H,0.73,2-1,3-0,H,1,0,1,0.2153,,,,2026-09-13T15:54:11+00:00
2026-08-08,B1,Standard,Cercle Brugge,0.4198000133037567,0.2863000035285949,0.2939000129699707,H,0.4755,1-1,2-2,D,0,0,0,1.2507,,,,2026-09-13T15:54:11+00:00
2026-08-08,B1,St Truiden,Lommel SK,0.5694000124931335,0.2615000009536743,0.1689999997615814,H,0.7055,2-0,1-1,D,0,0,0,1.3413,,,,2026-09-13T15:54:11+00:00
2026-08-08,B1,Westerlo,St. Gilloise,0.1352999955415725,0.2000000029802322,0.6646999716758728,A,0.6376,0-2,1-5,A,1,0,1,0.4084,A,0.1486,0.7,2026-09-13T15:54:11+00:00
2026-08-09,B1,Gent,Mechelen,0.4005999863147735,0.2838999927043915,0.3156000077724457,H,0.6068,1-1,2-0,H,1,0,0,0.9148,A,-0.1,-1.0,2026-09-13T15:54:11+00:00
2026-08-09,B1,Charleroi,Oud-Heverlee Leuven,0.5198000073432922,0.2666000127792358,0.2135999947786331,H,0.4556,1-1,3-1,H,1,0,0,0.6543,,,,2026-09-13T15:54:11+00:00
2026-08-09,B1,Waregem,Genk,0.2188999950885772,0.2421000003814697,0.5389000177383423,A,0.6173,1-1,2-1,H,0,0,1,1.5191,A,0.0995,-1.0,2026-09-13T15:54:11+00:00
2026-08-09,B1,Anderlecht,RAAL La Louviere,0.5529999732971191,0.2549000084400177,0.1922000050544738,H,0.5752,2-1,2-1,H,1,1,1,0.5924,,,,2026-09-13T15:54:11+00:00
2026-08-09,B1,Antwerp,Beveren,0.4384999871253967,0.2870999872684479,0.2745000123977661,H,0.4545,1-1,2-1,H,1,0,0,0.8244,A,0.6037,-1.0,2026-09-13T15:54:11+00:00
2026-08-07,N1,Cambuur,Excelsior,0.2599999904632568,0.2526000142097473,0.4873999953269958,A,0.4981,1-1,0-4,A,1,0,0,0.7187,A,0.08,1.7,2026-09-13T15:54:11+00:00
2026-08-08,N1,Nijmegen,Telstar,0.57669997215271,0.2397000044584274,0.1836999952793121,H,0.6779,2-1,1-2,A,0,0,1,1.6945,,,,2026-09-13T15:54:11+00:00
2026-08-08,N1,Go Ahead Eagles,Willem II,0.541700005531311,0.2560000121593475,0.2022999972105026,H,0.5991,1-1,4-1,H,1,0,1,0.613,,,,2026-09-13T15:54:11+00:00
2026-08-08,N1,PSV Eindhoven,For Sittard,0.8324999809265137,0.1142999976873397,0.0531999990344047,H,0.7863,3-0,2-2,D,0,0,1,2.1689,,,,2026-09-13T15:54:11+00:00
2026-08-08,N1,AZ Alkmaar,Den Haag,0.7889000177383423,0.1310999989509582,0.0799999982118606,H,0.7073,2-0,2-0,H,1,1,0,0.2371,H,0.0662,0.45,2026-09-13T15:54:11+00:00
2026-08-09,N1,Sparta Rotterdam,Feyenoord,0.148499995470047,0.1912000030279159,0.6603999733924866,A,0.6403,1-1,0-1,A,1,0,0,0.4149,A,0.0494,0.7,2026-09-13T15:54:11+00:00
2026-08-09,N1,Groningen,Utrecht,0.2705000042915344,0.2784000039100647,0.451200008392334,A,0.6162,1-1,2-1,H,0,0,1,1.3075,A,-0.0625,-1.0,2026-09-13T15:54:11+00:00
2026-08-09,N1,Zwolle,Ajax,0.168500006198883,0.2037999927997589,0.6276999711990356,A,0.5518,0-2,0-2,A,1,1,0,0.4657,,,,2026-09-13T15:54:11+00:00
2026-08-09,N1,Heerenveen,Twente,0.26910001039505,0.2578999996185303,0.4729999899864197,A,0.6655,1-1,1-0,H,0,0,0,1.3127,A,0.0476,-1.0,2026-09-13T15:54:11+00:00
2026-08-07,P1,Estoril,Famalicao,0.2407000064849853,0.2477999925613403,0.5115000009536743,A,0.4293,1-1,1-1,D,0,1,1,1.3951,A,0.0435,-1.0,2026-09-13T15:54:11+00:00
2026-08-08,P1,Maritimo,Casa Pia,0.3953999876976013,0.2718999981880188,0.3327000141143799,H,0.4703,1-1,1-0,H,1,0,1,0.9279,,,,2026-09-13T15:54:11+00:00
2026-08-08,P1,Guimaraes,Arouca,0.3878999948501587,0.2876999974250793,0.3244000077247619,H,0.4662,1-1,0-1,A,0,0,1,1.1258,A,0.0,3.0,2026-09-13T15:54:11+00:00
2026-08-08,P1,Estrela,Sp Lisbon,0.1208000034093856,0.1607999950647354,0.7184000015258789,A,0.605,0-2,2-2,D,0,0,1,1.8276,H,0.3333,-1.0,2026-09-13T15:54:11+00:00
2026-08-09,P1,Porto,Alverca,0.8022000193595886,0.1368999928236007,0.0608999989926815,H,0.5109,2-0,2-0,H,1,1,0,0.2204,,,,2026-09-13T15:54:11+00:00
2026-08-09,P1,Benfica,Academico Viseu,0.777400016784668,0.1541000008583068,0.0685999989509582,H,0.6943,2-0,2-2,D,0,0,1,1.8702,D,0.0,8.0,2026-09-13T15:54:11+00:00
2026-08-09,P1,Gil Vicente,Rio Ave,0.4199999868869781,0.2964999973773956,0.2834999859333038,H,0.4116,1-1,1-0,H,1,0,1,0.8675,A,0.1176,-1.0,2026-09-13T15:54:11+00:00
2026-08-09,P1,Moreirense,Sp Braga,0.1976999938488006,0.232800006866455,0.569599986076355,A,0.4529,0-1,2-2,D,0,0,0,1.4576,,,,2026-09-13T15:54:11+00:00
2026-08-10,P1,Santa Clara,Nacional,0.4325000047683716,0.2883000075817108,0.2791999876499176,H,0.43,1-1,2-2,D,0,0,0,1.2438,A,-0.1158,-1.0,2026-09-13T15:54:11+00:00
2026-08-08,SC0,Dundee,Aberdeen,0.3564000129699707,0.2822999954223633,0.3612000048160553,A,0.4118,1-1,2-0,H,0,0,1,1.0317,,,,2026-09-13T15:54:11+00:00
2026-08-08,SC0,St Mirren,St Johnstone,0.4372000098228454,0.2833000123500824,0.2795000076293945,H,0.4036,1-1,1-0,H,1,0,1,0.8274,,,,2026-09-13T15:54:11+00:00
2026-08-09,SC0,Kilmarnock,Celtic,0.1532000005245208,0.2013999968767166,0.6455000042915344,A,0.6508,1-2,1-5,A,1,0,1,0.4377,,,,2026-09-13T15:54:11+00:00
2026-08-09,SC0,Hearts,Dundee United,0.7024000287055969,0.181999996304512,0.1155999973416328,H,0.6014,2-0,4-0,H,1,0,1,0.3533,H,-0.108,0.57,2026-09-13T15:54:11+00:00
2026-08-09,SC0,Motherwell,Falkirk,0.5317000150680542,0.2640999853610992,0.2041999995708465,H,0.4964,1-1,0-0,D,0,0,1,1.3314,,,,2026-09-13T15:54:11+00:00
2026-08-09,SC0,Rangers,Hibernian,0.6474000215530396,0.2125000059604644,0.1402000039815902,H,0.7253,2-0,1-2,A,0,0,1,1.9647,,,,2026-09-13T15:54:11+00:00
2026-08-14,B1,Cercle Brugge,St Truiden,0.3605999946594238,0.2655999958515167,0.3738000094890594,A,0.5333,1-1,3-3,D,0,0,1,1.3258,A,0.152,-1.0,2026-09-13T15:54:11+00:00
2026-08-15,B1,St. Gilloise,Waregem,0.7651000022888184,0.1582999974489212,0.0766000002622604,H,0.7292,2-0,0-0,D,0,0,0,1.8433,H,-0.0828,-1.0,2026-09-13T15:54:11+00:00
2026-08-15,B1,Kortrijk,Antwerp,0.3427999913692474,0.2594000101089477,0.3978999853134155,A,0.6167,1-1,0-3,A,1,0,1,0.9216,A,-0.0182,1.7,2026-09-13T15:54:11+00:00
2026-08-15,B1,Genk,Westerlo,0.6096000075340271,0.2238000035285949,0.1666000038385391,H,0.6182,1-1,3-2,H,1,0,1,0.495,,,,2026-09-13T15:54:11+00:00
2026-08-15,B1,Oud-Heverlee Leuven,Club Brugge,0.1030000001192092,0.1574999988079071,0.7396000027656555,A,0.5707,0-2,0-3,A,1,0,1,0.3016,A,0.0,0.44,2026-09-13T15:54:11+00:00
2026-08-16,B1,Beveren,Anderlecht,0.3255000114440918,0.252700001001358,0.4217000007629394,A,0.5616,1-1,1-0,H,0,0,0,1.1224,H,0.1,2.3,2026-09-13T15:54:11+00:00
2026-08-16,B1,RAAL La Louviere,Gent,0.3813999891281128,0.2662000060081482,0.352400004863739,H,0.3572,1-1,1-2,A,0,0,0,1.043,H,-0.0882,-1.0,2026-09-13T15:54:11+00:00
2026-08-16,B1,Mechelen,Standard,0.3048999905586242,0.2680000066757202,0.4269999861717224,A,0.4564,1-1,3-3,D,0,0,0,1.3168,A,0.0735,-1.0,2026-09-13T15:54:11+00:00
2026-08-16,B1,Lommel SK,Charleroi,0.3429000079631805,0.2763000130653381,0.3808000087738037,A,0.5365,1-1,0-1,A,1,0,0,0.9655,H,-0.2262,-1.0,2026-09-13T15:54:11+00:00
2026-08-14,E1,Wolves,Blackburn,0.4963999986648559,0.2831000089645386,0.2205000072717666,H,0.4645,1-1,2-2,D,0,0,0,1.262,A,-0.1071,-1.0,2026-09-13T15:54:11+00:00
2026-08-15,E1,Bolton,Preston,0.3125999867916107,0.2603999972343445,0.4268999993801117,A,0.4786,1-1,2-1,H,0,0,0,1.1628,A,0.1,-1.0,2026-09-13T15:54:11+00:00
2026-08-15,E1,Bristol City,Millwall,0.2831999957561493,0.2597000002861023,0.4571999907493591,A,0.4342,1-1,0-2,A,1,0,1,0.7826,A,-0.0364,1.65,2026-09-13T15:54:11+00:00
2026-08-15,E1,Charlton,Derby,0.3343999981880188,0.2711000144481659,0.3944999873638153,A,0.4687,1-1,2-1,H,0,0,0,1.0954,A,-0.0364,-1.0,2026-09-13T15:54:11+00:00
2026-08-15,E1,Middlesbrough,Lincoln,0.5069000124931335,0.2619999945163727,0.2311999946832656,H,0.6443,1-1,2-1,H,1,0,1,0.6794,A,0.3913,-1.0,2026-09-13T15:54:11+00:00
2026-08-15,E1,Norwich,West Brom,0.4214999973773956,0.2743000090122223,0.3041000068187713,H,0.465,1-1,1-2,A,0,0,0,1.1904,A,0.0,2.8,2026-09-13T15:54:11+00:00
2026-08-15,E1,Portsmouth,QPR,0.3765000104904175,0.2716000080108642,0.3519000113010406,H,0.3939,1-1,1-3,A,0,0,0,1.0444,A,-0.0625,2.0,2026-09-13T15:54:11+00:00
2026-08-15,E1,Stoke,Swansea,0.3788999915122986,0.2691999971866607,0.3519999980926513,H,0.4339,1-1,1-2,A,0,0,0,1.0441,A,0.0,2.1,2026-09-13T15:54:11+00:00
2026-08-15,E1,Sheffield United,Birmingham,0.3842999935150146,0.2737999856472015,0.3418999910354614,H,0.4762,1-1,0-0,D,0,0,1,1.2954,,,,2026-09-13T15:54:11+00:00
2026-08-16,E1,Watford,Southampton,0.2424000054597854,0.2276999950408935,0.5299000144004822,A,0.5589,1-1,2-1,H,0,0,1,1.4172,A,0.0733,-1.0,2026-09-13T15:54:11+00:00
2026-08-16,E1,Burnley,West Ham,0.2906000018119812,0.2667999863624573,0.4424999952316284,A,0.4485,1-1,2-2,D,0,0,0,1.3213,A,0.0227,-1.0,2026-09-13T15:54:11+00:00
2026-08-17,E1,Cardiff,Wrexham,0.3817000091075897,0.2732999920845032,0.3449999988079071,H,0.3944,1-1,1-1,D,0,1,1,1.2972,,,,2026-09-13T15:54:11+00:00
2026-08-14,N1,Telstar,Sparta Rotterdam,0.4244999885559082,0.2736000120639801,0.3018999993801117,H,0.6503,1-1,1-3,A,0,0,1,1.1977,,,,2026-09-13T15:54:11+00:00
2026-08-15,N1,Willem II,Nijmegen,0.1785999983549118,0.2039999961853027,0.6173999905586243,A,0.6722,1-1,1-4,A,1,0,1,0.4822,,,,2026-09-13T15:54:11+00:00
2026-08-15,N1,Utrecht,AZ Alkmaar,0.4002000093460083,0.263399988412857,0.3362999856472015,H,0.6047,1-1,1-4,A,0,0,1,1.0898,H,-0.0517,-1.0,2026-09-13T15:54:11+00:00
2026-08-15,N1,Excelsior,PSV Eindhoven,0.1451999992132187,0.1835000067949295,0.6712999939918518,A,0.6682,1-2,1-2,A,1,1,1,0.3985,A,0.0828,0.57,2026-09-13T15:54:11+00:00
2026-08-15,N1,For Sittard,Cambuur,0.5299999713897705,0.2700999975204468,0.1999000012874603,H,0.7183,1-1,3-1,H,1,0,1,0.6349,D,-0.0244,-1.0,2026-09-13T15:54:11+00:00
2026-08-16,N1,Den Haag,Groningen,0.2487999945878982,0.2484000027179718,0.5029000043869019,A,0.5551,1-1,1-4,A,1,0,1,0.6874,A,-0.1185,1.38,2026-09-13T15:54:11+00:00
2026-08-16,N1,Feyenoord,Go Ahead Eagles,0.7462000250816345,0.1620000004768371,0.0917999967932701,H,0.6011,2-0,2-2,D,0,0,1,1.8202,H,0.088,-1.0,2026-09-13T15:54:11+00:00
2026-08-16,N1,Twente,Zwolle,0.7576000094413757,0.1467999964952469,0.0956000015139579,H,0.6072,2-0,3-1,H,1,0,1,0.2776,,,,2026-09-13T15:54:11+00:00
2026-08-16,N1,Ajax,Heerenveen,0.5982000231742859,0.2409999966621399,0.1607999950647354,H,0.5353,1-1,2-2,D,0,0,1,1.423,D,-0.0526,3.5,2026-09-13T15:54:11+00:00
2026-08-14,P1,Sp Lisbon,Guimaraes,0.814300000667572,0.1263000071048736,0.0593999996781349,H,0.6194,2-0,3-2,H,1,0,1,0.2054,H,-0.0647,0.3,2026-09-13T15:54:11+00:00
2026-08-15,P1,Alverca,Estrela,0.4363999962806701,0.2887000143527984,0.2748999893665313,H,0.3621,1-1,2-2,D,0,0,0,1.2424,,,,2026-09-13T15:54:11+00:00
2026-08-15,P1,Academico Viseu,Santa Clara,0.4142999947071075,0.2754999995231628,0.3102000057697296,H,0.554,1-1,0-1,A,0,0,0,1.1705,H,0.0642,-1.0,2026-09-13T15:54:11+00:00
2026-08-15,P1,Rio Ave,Porto,0.1528999954462051,0.2002999931573867,0.6467999815940857,A,0.5981,0-2,0-2,A,1,1,0,0.4357,,,,2026-09-13T15:54:11+00:00
2026-08-16,P1,Nacional,Estoril,0.3971000015735626,0.266400009393692,0.3364999890327453,H,0.4281,1-1,2-0,H,1,0,1,0.9236,H,-0.1167,1.65,2026-09-13T15:54:11+00:00
2026-08-16,P1,Arouca,Moreirense,0.4530999958515167,0.2840000092983246,0.2630000114440918,H,0.3714,1-1,4-0,H,1,0,0,0.7916,,,,2026-09-13T15:54:11+00:00
2026-08-16,P1,Famalicao,Maritimo,0.6403999924659729,0.2199999988079071,0.1395999938249588,H,0.5381,1-0,1-2,A,0,0,1,1.969,H,0.0476,-1.0,2026-09-13T15:54:11+00:00
2026-08-17,P1,Casa Pia,Benfica,0.1490000039339065,0.1955000013113021,0.6554999947547913,A,0.562,0-2,0-7,A,1,0,1,0.4224,H,0.0,-1.0,2026-09-13T15:54:11+00:00
2026-08-15,SP1,Alaves,Getafe,0.4131999909877777,0.288100004196167,0.2987000048160553,H,0.3905,1-1,3-0,H,1,0,0,0.8838,A,-0.0132,-1.0,2026-09-13T15:54:11+00:00
2026-08-15,SP1,Sevilla,Vallecano,0.2887000143527984,0.2723999917507171,0.4388999938964844,A,0.4404,1-1,2-1,H,0,0,0,1.2424,A,0.0,-1.0,2026-09-13T15:54:11+00:00
2026-08-16,SP1,Santander,Villarreal,0.2419999986886978,0.2439000010490417,0.5141000151634216,A,0.4805,1-1,2-2,D,0,0,0,1.411,A,0.1316,-1.0,2026-09-13T15:54:11+00:00
2026-08-16,SP1,Espanol,Levante,0.3125999867916107,0.2809000015258789,0.4065000116825104,A,0.4616,1-1,3-0,H,0,0,0,1.1628,A,0.0526,-1.0,2026-09-13T15:54:11+00:00
2026-08-14,T1,Galatasaray,Corum,0.7631000280380249,0.1597999930381775,0.0771000012755394,H,0.7398,2-0,2-2,D,0,0,1,1.8338,,,,2026-09-13T15:54:11+00:00
2026-08-15,T1,Kasimpasa,Trabzonspor,0.2233999967575073,0.24719999730587,0.5293999910354614,A,0.4411,0-1,1-1,D,0,0,1,1.3976,,,,2026-09-13T15:54:11+00:00
2026-08-15,T1,Konyaspor,Rizespor,0.3837000131607055,0.2797999978065491,0.3364999890327453,H,0.4253,1-1,0-1,A,0,0,1,1.0892,,,,2026-09-13T15:54:11+00:00
2026-08-15,T1,Gaziantep,Alanyaspor,0.3242000043392181,0.2849999964237213,0.3907999992370605,A,0.5307,1-1,1-1,D,0,1,0,1.2553,A,-0.0702,-1.0,2026-09-13T15:54:11+00:00
2026-08-15,T1,Genclerbirligi,Fenerbahce,0.1222999989986419,0.1763000041246414,0.7013999819755554,A,0.4117,0-2,2-1,H,0,0,0,2.1013,A,-0.1366,-1.0,2026-09-13T15:54:11+00:00
2026-08-16,T1,Buyuksehyr,Kocaelispor,0.7027999758720398,0.1762000024318695,0.1209999993443489,H,0.576,2-0,2-0,H,1,1,0,0.3527,H,-0.0988,0.46,2026-09-13T15:54:11+00:00
2026-08-16,T1,Amedspor,Erzurumspor,0.4375999867916107,0.2940999865531921,0.268200010061264,H,0.4786,1-1,3-0,H,1,0,0,0.8265,,,,2026-09-13T15:54:11+00:00
2026-08-16,T1,Besiktas,Eyupspor,0.6723999977111816,0.2016000002622604,0.1261000037193298,H,0.7283,2-0,1-0,H,1,0,0,0.3969,,,,2026-09-13T15:54:11+00:00
2026-08-17,T1,Samsunspor,Goztep,0.4763999879360199,0.2685999870300293,0.2549999952316284,H,0.5216,1-1,3-3,D,0,0,1,1.3145,H,-0.0233,-1.0,2026-09-13T15:54:11+00:00
2026-08-21,B1,Standard,RAAL La Louviere,0.4839999973773956,0.2759000062942505,0.2400999963283538,H,0.4646,1-1,2-0,H,1,0,1,0.7257,,,,2026-09-13T15:54:11+00:00
2026-08-22,B1,Waregem,Beveren,0.4436999857425689,0.2856000065803528,0.2707000076770782,H,0.6952,1-1,4-0,H,1,0,1,0.8126,,,,2026-09-13T15:54:11+00:00
2026-08-22,B1,Charleroi,Mechelen,0.4528000056743622,0.2660000026226043,0.2811999917030334,H,0.4541,1-1,2-0,H,1,0,1,0.7923,A,-0.0667,-1.0,2026-09-13T15:54:11+00:00
2026-08-22,B1,Antwerp,Genk,0.2368000000715255,0.2467000037431717,0.5166000127792358,A,0.4613,1-1,4-4,D,0,0,0,1.3996,A,0.0769,-1.0,2026-09-13T15:54:11+00:00
2026-08-23,B1,Lommel SK,Westerlo,0.3953000009059906,0.2707000076770782,0.3339999914169311,H,0.5075,1-1,4-0,H,1,0,1,0.9281,H,-0.0741,1.5,2026-09-13T15:54:11+00:00
2026-08-23,B1,Club Brugge,Cercle Brugge,0.7441999912261963,0.1703999936580658,0.0854000002145767,H,0.8236,2-1,1-0,H,1,0,0,0.2954,,,,2026-09-13T15:54:11+00:00
2026-08-21,E0,Arsenal,Coventry,0.6665999889373779,0.1983000040054321,0.1351000070571899,H,0.6468,2-0,3-0,H,1,0,1,0.4056,D,-0.0667,-1.0,2026-09-13T15:54:11+00:00
2026-08-22,E0,Hull,Man United,0.1550000011920929,0.1974000036716461,0.647599995136261,A,0.6837,0-2,2-0,H,0,0,0,1.8643,H,-0.0556,7.5,2026-09-13T15:54:11+00:00
2026-08-22,E0,Everton,Crystal Palace,0.4291999936103821,0.2707999944686889,0.3000000119209289,H,0.4579,1-1,2-0,H,1,0,1,0.8458,,,,2026-09-13T15:54:11+00:00
2026-08-22,E0,Ipswich,Sunderland,0.3923999965190887,0.2703999876976013,0.3373000025749206,H,0.5034,1-1,2-1,H,1,0,1,0.9355,H,-0.1,1.7,2026-09-13T15:54:11+00:00
2026-08-22,E0,Nott'm Forest,Leeds,0.4234000146389007,0.2696000039577484,0.3070000112056732,H,0.4954,1-1,0-1,A,0,0,1,1.1809,,,,2026-09-13T15:54:11+00:00
2026-08-22,E0,Brentford,Tottenham,0.4505999982357025,0.2707999944686889,0.2786999940872192,H,0.4108,1-1,3-0,H,1,0,0,0.7972,H,0.2308,1.4,2026-09-13T15:54:11+00:00
2026-08-23,E0,Brighton,Aston Villa,0.4111000001430511,0.2707999944686889,0.3181000053882599,H,0.57,1-1,4-0,H,1,0,1,0.8889,,,,2026-09-13T15:54:11+00:00
2026-08-23,E0,Man City,Bournemouth,0.6086000204086304,0.2345999926328659,0.1568000018596649,H,0.6061,2-0,2-1,H,1,0,1,0.4966,,,,2026-09-13T15:54:11+00:00
2026-08-23,E0,Newcastle,Liverpool,0.303299993276596,0.2479999959468841,0.4487999975681305,A,0.5578,1-1,2-2,D,0,0,1,1.3943,H,0.0256,-1.0,2026-09-13T15:54:11+00:00
2026-08-24,E0,Fulham,Chelsea,0.4045000076293945,0.2779000103473663,0.3174999952316284,H,0.4145,1-1,2-3,A,0,0,0,1.1473,H,0.0,-1.0,2026-09-13T15:54:11+00:00
2026-08-22,E1,Birmingham,Bristol City,0.4478000104427337,0.2563999891281128,0.2958000004291534,H,0.4861,1-1,2-2,D,0,0,0,1.361,A,-0.134,-1.0,2026-09-13T15:54:11+00:00
2026-08-22,E1,Lincoln,Portsmouth,0.4990000128746032,0.244499996304512,0.2565999925136566,H,0.5814,1-1,1-3,A,0,0,1,1.3602,H,0.0444,-1.0,2026-09-13T15:54:11+00:00
2026-08-22,E1,Millwall,Norwich,0.4668999910354614,0.2802999913692474,0.2527999877929687,H,0.3948,1-1,3-0,H,1,0,0,0.7616,H,-0.2376,1.15,2026-09-13T15:54:12+00:00
2026-08-22,E1,Blackburn,Middlesbrough,0.2463999986648559,0.2413000017404556,0.5123000144958496,A,0.5652,1-1,2-1,H,0,0,1,1.4008,A,0.0806,-1.0,2026-09-13T15:54:12+00:00
2026-08-22,E1,Derby,Cardiff,0.4370000064373016,0.2750999927520752,0.2879000008106231,H,0.5201,1-1,2-2,D,0,0,1,1.2906,A,0.2097,-1.0,2026-09-13T15:54:12+00:00
2026-08-22,E1,Preston,Wolves,0.334199994802475,0.2802000045776367,0.385699987411499,A,0.3468,1-1,1-3,A,1,0,0,0.9527,H,0.1351,-1.0,2026-09-13T15:54:12+00:00
2026-08-22,E1,QPR,Bolton,0.5194000005722046,0.243599995970726,0.2370000034570694,H,0.396,1-1,0-0,D,0,0,1,1.4122,,,,2026-09-13T15:54:12+00:00
2026-08-22,E1,Southampton,Stoke,0.6007999777793884,0.2152000069618225,0.1840000003576278,H,0.6309,1-1,3-1,H,1,0,1,0.5095,,,,2026-09-13T15:54:12+00:00
2026-08-22,E1,Swansea,Sheffield United,0.3749000132083893,0.2689000070095062,0.3562000095844269,H,0.5028,1-1,0-0,D,0,0,0,1.3134,,,,2026-09-13T15:54:12+00:00
2026-08-22,E1,West Ham,Charlton,0.6830999851226807,0.2126999944448471,0.1041999980807304,H,0.564,2-0,1-2,A,0,0,1,2.2614,,,,2026-09-13T15:54:12+00:00
2026-08-22,E1,Wrexham,Watford,0.488099992275238,0.2770000100135803,0.2348999977111816,H,0.4655,1-1,1-1,D,0,1,1,1.2837,,,,2026-09-13T15:54:12+00:00
2026-08-23,E1,West Brom,Burnley,0.3986999988555908,0.2522999942302704,0.3490999937057495,H,0.4778,1-1,3-1,H,1,0,0,0.9195,H,0.125,1.7,2026-09-13T15:54:12+00:00
2026-08-21,F1,Marseille,Strasbourg,0.4875999987125397,0.2687000036239624,0.2436999976634979,H,0.5926,1-1,4-0,H,1,0,1,0.7183,D,0.0,-1.0,2026-09-13T15:54:12+00:00
2026-08-22,F1,Lens,Auxerre,0.717199981212616,0.1712000072002411,0.1115999966859817,H,0.6592,2-0,5-2,H,1,0,1,0.3324,H,0.0915,0.55,2026-09-13T15:54:12+00:00
2026-08-22,F1,Le Mans,Brest,0.4507000148296356,0.2675000131130218,0.2816999852657318,H,0.5433,1-1,2-2,D,0,0,1,1.3186,H,0.02,-1.0,2026-09-13T15:54:12+00:00
2026-08-22,F1,Nice,Lorient,0.3472999930381775,0.2852999866008758,0.3675000071525574,A,0.4568,1-1,0-0,D,0,0,1,1.2542,A,0.0625,-1.0,2026-09-13T15:54:12+00:00
2026-08-22,F1,Toulouse,Lyon,0.2669000029563904,0.2540999948978424,0.4790999889373779,A,0.4232,1-1,0-2,A,1,0,1,0.7358,A,-0.2188,1.5,2026-09-13T15:54:12+00:00
2026-08-22,F1,Troyes,Paris FC,0.19200000166893,0.2144999951124191,0.593500018119812,A,0.5734,0-2,0-0,D,0,0,0,1.5394,A,0.0952,-1.0,2026-09-13T15:54:12+00:00
2026-08-23,F1,Angers,Lille,0.1440999954938888,0.1994999945163726,0.6564000248908997,A,0.4225,0-1,0-2,A,1,0,1,0.421,A,-0.0173,0.7,2026-09-13T15:54:12+00:00
2026-08-23,F1,Le Havre,Monaco,0.2425999939441681,0.2465000003576278,0.5109999775886536,A,0.536,1-1,0-1,A,1,0,0,0.6714,,,,2026-09-13T15:54:12+00:00
2026-08-22,G1,AEK,Iraklis,0.7633000016212463,0.1634999960660934,0.0732000023126602,H,0.5882,2-0,4-0,H,1,0,1,0.2701,,,,2026-09-13T15:54:12+00:00
2026-08-22,G1,Kalamata,Aris,0.217299997806549,0.2486000061035156,0.5340999960899353,A,0.538,0-1,2-3,A,1,0,1,0.6272,A,0.0227,1.25,2026-09-13T15:54:12+00:00
2026-08-22,G1,Olympiakos,Atromitos,0.7520999908447266,0.1638000011444091,0.0841000005602836,H,0.7347,2-0,1-0,H,1,0,0,0.2849,,,,2026-09-13T15:54:12+00:00
2026-08-23,G1,OFI Crete,Volos NFC,0.4402999877929687,0.2897000014781952,0.270000010728836,H,0.3694,1-1,2-0,H,1,0,1,0.8203,,,,2026-09-13T15:54:12+00:00
2026-08-23,G1,PAOK,Levadeiakos,0.6359999775886536,0.2223999947309494,0.1415999978780746,H,0.5089,1-0,4-0,H,1,0,1,0.4526,A,-0.0526,-1.0,2026-09-13T15:54:12+00:00
2026-08-23,G1,Panetolikos,Asteras Tripolis,0.3675000071525574,0.2856999933719635,0.3467999994754791,H,0.4689,1-1,3-1,H,1,0,0,1.001,,,,2026-09-13T15:54:12+00:00
2026-08-22,I1,Inter,Monza,0.8269000053405762,0.1177000030875206,0.0553999990224838,H,0.6628,2-0,4-1,H,1,0,1,0.1901,,,,2026-09-13T15:54:12+00:00
2026-08-22,I1,Udinese,Como,0.2141000032424926,0.2445999979972839,0.5411999821662903,A,0.4522,0-1,1-1,D,0,0,1,1.4081,,,,2026-09-13T15:54:12+00:00
2026-08-22,I1,Genoa,Napoli,0.185599997639656,0.2249999940395355,0.5893999934196472,A,0.4635,0-1,0-2,A,1,0,1,0.5287,A,-0.0732,0.9,2026-09-13T15:54:12+00:00
2026-08-22,I1,Parma,Cagliari,0.3540999889373779,0.2827000021934509,0.3632999956607818,A,0.3329,1-1,0-1,A,1,0,1,1.0125,A,0.1481,2.1,2026-09-13T15:54:12+00:00
2026-08-23,I1,Frosinone,Juventus,0.1503999978303909,0.1967999935150146,0.6528000235557556,A,0.6248,0-1,0-1,A,1,1,0,0.4265,H,0.28,-1.0,2026-09-13T15:54:12+00:00
2026-08-23,I1,Venezia,Lecce,0.3668999969959259,0.2820000052452087,0.3510999977588653,H,0.3544,1-1,0-2,A,0,0,1,1.0467,A,-0.2,2.6,2026-09-13T15:54:12+00:00
2026-08-23,I1,Atalanta,Sassuolo,0.5845999717712402,0.25,0.1655000001192093,H,0.4929,1-0,2-1,H,1,0,0,0.5368,,,,2026-09-13T15:54:12+00:00
2026-08-23,I1,Torino,Milan,0.2399999946355819,0.2601999938488006,0.4997999966144562,A,0.4505,0-1,1-2,A,1,0,0,0.6935,H,0.097,-1.0,2026-09-13T15:54:12+00:00
2026-08-24,I1,Bologna,Lazio,0.3698999881744385,0.276199996471405,0.3538999855518341,H,0.3909,1-1,0-1,A,0,0,1,1.0387,A,0.1667,2.5,2026-09-13T15:54:12+00:00
2026-08-24,I1,Roma,Fiorentina,0.6133000254631042,0.2363000065088272,0.1503999978303909,H,0.3937,1-0,4-0,H,1,0,0,0.4889,,,,2026-09-13T15:54:12+00:00
2026-08-22,N1,For Sittard,AZ Alkmaar,0.2238000035285949,0.2383999973535537,0.5378000140190125,A,0.6324,1-1,0-2,A,1,0,0,0.6203,H,-0.0455,-1.0,2026-09-13T15:54:12+00:00
2026-08-22,N1,Sparta Rotterdam,Utrecht,0.225600004196167,0.2387000024318695,0.5357000231742859,A,0.5044,1-1,3-3,D,0,0,1,1.4325,A,-0.0607,-1.0,2026-09-13T15:54:12+00:00
2026-08-22,N1,Heerenveen,Zwolle,0.5202000141143799,0.2660000026226043,0.2138999998569488,H,0.5967,1-1,0-2,A,0,0,0,1.5422,D,-0.1158,-1.0,2026-09-13T15:54:12+00:00
2026-08-23,N1,Go Ahead Eagles,Den Haag,0.5640000104904175,0.246299996972084,0.1896000057458877,H,0.5838,1-1,3-1,H,1,0,1,0.5727,,,,2026-09-13T15:54:12+00:00
2026-08-23,N1,PSV Eindhoven,Groningen,0.753600001335144,0.1688999980688095,0.0775000005960464,H,0.7551,2-1,5-1,H,1,0,1,0.2829,H,0.0462,0.36,2026-09-13T15:54:12+00:00
2026-08-23,N1,Cambuur,Feyenoord,0.1176000013947486,0.1660999953746795,0.7163000106811523,A,0.6733,0-2,2-5,A,1,0,1,0.3337,H,-0.0833,-1.0,2026-09-13T15:54:12+00:00
2026-08-22,P1,Maritimo,Academico Viseu,0.4192000031471252,0.2743000090122223,0.3066000044345855,H,0.3607,1-1,2-2,D,0,0,0,1.2935,A,0.0,-1.0,2026-09-13T15:54:12+00:00
2026-08-22,P1,Estoril,Rio Ave,0.3680000007152557,0.291700005531311,0.3404000103473663,H,0.3595,1-1,0-2,A,0,0,1,1.0776,A,0.0256,3.0,2026-09-13T15:54:12+00:00
2026-08-22,P1,Sp Lisbon,Alverca,0.8356000185012817,0.1137999966740608,0.0505999997258186,H,0.578,2-0,3-1,H,1,0,1,0.1796,,,,2026-09-13T15:54:12+00:00
2026-08-23,P1,Guimaraes,Nacional,0.4891000092029571,0.2802999913692474,0.2305999994277954,H,0.4604,1-1,1-0,H,1,0,1,0.7152,A,-0.1667,-1.0,2026-09-13T15:54:12+00:00
2026-08-23,P1,Santa Clara,Famalicao,0.2536999881267547,0.2518999874591827,0.4943999946117401,A,0.4015,1-1,1-0,H,0,0,1,1.3716,A,0.0973,-1.0,2026-09-13T15:54:12+00:00
2026-08-23,P1,Porto,Arouca,0.7475000023841858,0.169400006532669,0.0832000002264976,H,0.6255,2-0,2-0,H,1,1,0,0.291,,,,2026-09-13T15:54:12+00:00
2026-08-24,P1,Gil Vicente,Casa Pia,0.4336999952793121,0.2985999882221222,0.2676999866962433,H,0.4164,1-1,2-0,H,1,0,1,0.8354,A,0.05,-1.0,2026-09-13T15:54:12+00:00
2026-08-22,SC0,Dundee United,Dundee,0.448199987411499,0.2838999927043915,0.2678000032901764,H,0.5331,1-1,0-2,A,0,0,0,1.3175,,,,2026-09-13T15:54:12+00:00
2026-08-21,SP1,Betis,Sociedad,0.5698000192642212,0.2340999990701675,0.1960999965667724,H,0.4901,1-1,1-0,H,1,0,1,0.5625,H,-0.0238,1.05,2026-09-13T15:54:12+00:00
2026-08-22,SP1,Ath Bilbao,Sevilla,0.4419000148773193,0.2942999899387359,0.2637999951839447,H,0.3893,1-1,1-3,A,0,0,0,1.3326,A,0.05,4.25,2026-09-13T15:54:12+00:00
2026-08-22,SP1,Valencia,Celta,0.3869000077247619,0.2775000035762787,0.3355999886989593,H,0.4463,1-1,0-0,D,0,0,1,1.2819,A,0.0667,-1.0,2026-09-13T15:54:12+00:00
2026-08-22,SP1,Espanol,Real Madrid,0.120399996638298,0.1827999949455261,0.6967999935150146,A,0.6225,0-2,1-2,A,1,0,1,0.3613,A,0.0286,0.44,2026-09-13T15:54:12+00:00
2026-08-23,SP1,Ath Madrid,Villarreal,0.3483000099658966,0.2754999995231628,0.3761999905109405,A,0.5155,1-1,2-2,D,0,0,1,1.2892,A,0.0,-1.0,2026-09-13T15:54:12+00:00
2026-08-23,SP1,Getafe,Santander,0.3973000049591064,0.2887000143527984,0.3140000104904175,H,0.3176,1-1,1-0,H,1,0,1,0.9231,A,0.1143,-1.0,2026-09-13T15:54:12+00:00
2026-08-23,SP1,Elche,Barcelona,0.1186000034213066,0.176499992609024,0.7049999833106995,A,0.5268,0-2,0-5,A,1,0,1,0.3496,,,,2026-09-13T15:54:12+00:00
2026-08-24,SP1,Osasuna,Levante,0.3709999918937683,0.2829999923706054,0.3459999859333038,H,0.449,1-1,0-0,D,0,0,1,1.2623,A,0.0,-1.0,2026-09-13T15:54:12+00:00
2026-08-24,SP1,Malaga,La Coruna,0.3438999950885772,0.2739999890327453,0.382099986076355,A,0.4137,1-1,1-1,D,0,1,1,1.2946,A,-0.0462,-1.0,2026-09-13T15:54:12+00:00
2026-08-21,T1,Erzurumspor,Galatasaray,0.1632000058889389,0.2058999985456466,0.6309000253677368,A,0.4679,0-2,0-4,A,1,0,0,0.4606,,,,2026-09-13T15:54:12+00:00
2026-08-22,T1,Corum,Kasimpasa,0.4393999874591827,0.270900011062622,0.2897000014781952,H,0.5626,1-1,0-1,A,0,0,0,1.2389,,,,2026-09-13T15:54:12+00:00
2026-08-22,T1,Rizespor,Samsunspor,0.2861999869346618,0.2617999911308288,0.4519999921321869,A,0.4298,1-1,0-2,A,1,0,1,0.7941,A,-0.1842,2.1,2026-09-13T15:54:12+00:00
2026-08-22,T1,Fenerbahce,Konyaspor,0.7814000248908997,0.1415999978780746,0.0768999978899955,H,0.8179,2-0,4-2,H,1,0,1,0.2467,,,,2026-09-13T15:54:12+00:00
2026-08-23,T1,Eyupspor,Gaziantep,0.3903000056743622,0.2892999947071075,0.3203000128269195,H,0.3673,1-1,0-1,A,0,0,1,1.1385,H,-0.0248,-1.0,2026-09-13T15:54:12+00:00
2026-08-23,T1,Trabzonspor,Buyuksehyr,0.4137000143527984,0.2777999937534332,0.3084000051021576,H,0.4278,1-1,2-1,H,1,0,0,0.8826,,,,2026-09-13T15:54:12+00:00
2026-08-23,T1,Alanyaspor,Besiktas,0.2302999943494796,0.2612999975681305,0.508400022983551,A,0.4932,1-1,1-0,H,0,0,1,1.4684,,,,2026-09-13T15:54:12+00:00
2026-08-23,T1,Goztep,Genclerbirligi,0.5859000086784363,0.255400002002716,0.1588000059127807,H,0.4803,1-0,0-1,A,0,0,1,1.8401,,,,2026-09-13T15:54:12+00:00
2026-08-24,T1,Kocaelispor,Amedspor,0.380400002002716,0.2888000011444092,0.3307999968528747,H,0.3772,1-1,2-0,H,1,0,1,0.9665,A,0.0333,-1.0,2026-09-13T15:54:12+00:00
2026-08-25,SP1,Valencia,Betis,0.3199999928474426,0.2723999917507171,0.4075999855995178,A,0.4566,1-1,0-1,A,1,0,1,0.8975,A,-0.0893,1.55,2026-09-13T15:54:12+00:00
2026-08-26,SP1,Real Madrid,Sociedad,0.7827000021934509,0.1446000039577484,0.0727000012993812,H,0.6777,2-0,4-1,H,1,0,1,0.245,H,0.1111,0.3,2026-09-13T15:54:12+00:00
2026-08-27,SP1,Celta,Osasuna,0.462799996137619,0.2849999964237213,0.2522000074386596,H,0.385,1-1,1-2,A,0,0,0,1.3775,,,,2026-09-13T15:54:12+00:00
2026-08-27,SP1,Barcelona,Ath Bilbao,0.7831000089645386,0.1419000029563903,0.0750000029802322,H,0.7138,2-0,2-0,H,1,1,0,0.2445,H,0.0902,0.33,2026-09-13T15:54:12+00:00
2026-08-28,B1,Genk,Beveren,0.6643000245094299,0.2091999948024749,0.1265999972820282,H,0.6522,2-0,4-0,H,1,0,1,0.409,H,-0.0719,0.42,2026-09-13T15:54:12+00:00
2026-08-29,B1,RAAL La Louviere,Mechelen,0.4004999995231628,0.270000010728836,0.3294999897480011,H,0.358,1-1,2-2,D,0,0,0,1.3093,,,,2026-09-13T15:54:12+00:00
2026-08-29,B1,Kortrijk,Charleroi,0.321399986743927,0.2630999982357025,0.4154999852180481,A,0.6429,1-1,1-3,A,1,0,1,0.8783,H,0.2333,-1.0,2026-09-13T15:54:12+00:00
2026-08-29,B1,Cercle Brugge,Lommel SK,0.4952999949455261,0.2714999914169311,0.2331999987363815,H,0.4383,2-1,0-1,A,0,0,1,1.4559,D,0.0,-1.0,2026-09-13T15:54:12+00:00
2026-08-29,B1,Oud-Heverlee Leuven,Standard,0.2967999875545501,0.2671999931335449,0.4359999895095825,A,0.4939,1-1,1-2,A,1,0,0,0.8301,A,-0.0784,1.35,2026-09-13T15:54:12+00:00
2026-08-30,B1,Gent,Club Brugge,0.1207000017166137,0.1641999930143356,0.7150999903678894,A,0.7522,0-2,2-1,H,0,0,1,2.1144,A,0.0625,-1.0,2026-09-13T15:54:12+00:00
2026-08-30,B1,Antwerp,St Truiden,0.2928000092506408,0.2601999938488006,0.4469999969005584,A,0.4635,1-1,1-4,A,1,0,0,0.8052,A,0.08,1.7,2026-09-13T15:54:12+00:00
2026-08-30,B1,St. Gilloise,Anderlecht,0.7332000136375427,0.1642999947071075,0.1024999991059303,H,0.7824,2-0,3-0,H,1,0,1,0.3103,H,-0.0457,0.67,2026-09-13T15:54:12+00:00
2026-08-30,B1,Westerlo,Waregem,0.4020000100135803,0.2849000096321106,0.3131000101566314,H,0.5431,1-1,2-2,D,0,0,1,1.2556,H,0.0182,-1.0,2026-09-13T15:54:12+00:00
2026-08-28,D1,Bayern Munich,Stuttgart,0.7232000231742859,0.1699000000953674,0.1068999990820884,H,0.7752,2-1,5-1,H,1,0,1,0.3241,D,-0.0667,-1.0,2026-09-13T15:54:12+00:00
2026-08-29,D1,Elversberg,Leverkusen,0.2073999941349029,0.2075999975204467,0.5849999785423279,A,0.5717,1-2,3-2,H,0,0,1,1.5731,,,,2026-09-13T15:54:12+00:00
2026-08-29,D1,FC Koln,Hoffenheim,0.2937000095844269,0.259799987077713,0.4465000033378601,A,0.6012,1-1,3-2,H,0,0,1,1.2252,,,,2026-09-13T15:54:12+00:00
2026-08-29,D1,Mainz,Paderborn,0.6650000214576721,0.1912000030279159,0.1438000053167343,H,0.583,2-0,0-0,D,0,0,0,1.6544,H,0.1,-1.0,2026-09-13T15:54:12+00:00
2026-08-29,D1,RB Leipzig,M'gladbach,0.6859999895095825,0.1869000047445297,0.1270000040531158,H,0.7079,2-0,3-0,H,1,0,1,0.3769,H,0.0129,0.57,2026-09-13T15:54:12+00:00
2026-08-29,D1,Union Berlin,Ein Frankfurt,0.336899995803833,0.2705999910831451,0.3925000131130218,A,0.585,1-1,3-3,D,0,0,1,1.3071,,,,2026-09-13T15:54:12+00:00
2026-08-29,D1,Dortmund,Hamburg,0.7588000297546387,0.157600000500679,0.0835999995470047,H,0.7125,2-0,2-0,H,1,1,0,0.276,,,,2026-09-13T15:54:12+00:00
2026-08-30,D1,Freiburg,Werder Bremen,0.5157999992370605,0.262800008058548,0.2213999927043914,H,0.4762,1-1,4-1,H,1,0,0,0.662,,,,2026-09-13T15:54:12+00:00
2026-08-30,D1,Augsburg,Schalke 04,0.503600001335144,0.2702000141143799,0.2261999994516372,H,0.639,1-1,3-0,H,1,0,1,0.686,H,-0.0652,1.15,2026-09-13T15:54:12+00:00
2026-08-28,E0,Crystal Palace,Man City,0.1634999960660934,0.1973000019788742,0.63919997215271,A,0.4759,0-2,1-4,A,1,0,0,0.4475,A,0.0309,0.67,2026-09-13T15:54:12+00:00
2026-08-29,E0,Liverpool,Nott'm Forest,0.5016999840736389,0.2492000013589859,0.249099999666214,H,0.6035,1-1,2-2,D,0,0,1,1.3895,A,-0.0417,-1.0,2026-09-13T15:54:12+00:00
2026-08-29,E0,Bournemouth,Everton,0.5060999989509583,0.2572999894618988,0.2366999983787536,H,0.4964,1-1,1-1,D,0,1,1,1.3575,H,-0.0682,-1.0,2026-09-13T15:54:12+00:00
2026-08-29,E0,Coventry,Hull,0.6376000046730042,0.222800001502037,0.1395999938249588,H,0.5443,2-0,0-1,A,0,0,0,1.969,H,0.0983,-1.0,2026-09-13T15:54:12+00:00
2026-08-29,E0,Tottenham,Newcastle,0.3896999955177307,0.2727000117301941,0.3375999927520752,H,0.391,1-1,0-2,A,0,0,1,1.0859,,,,2026-09-13T15:54:12+00:00
2026-08-30,E0,Chelsea,Brighton,0.3339000046253204,0.2666000127792358,0.3995000123977661,A,0.5766,1-1,4-3,H,0,0,1,1.0969,A,0.0,-1.0,2026-09-13T15:54:12+00:00
2026-08-30,E0,Leeds,Brentford,0.4406000077724457,0.2775000035762787,0.2818999886512756,H,0.4436,1-1,1-1,D,0,1,1,1.2819,H,-0.0714,-1.0,2026-09-13T15:54:12+00:00
2026-08-30,E0,Sunderland,Fulham,0.3158000111579895,0.2745000123977661,0.4097999930381775,A,0.3773,1-1,1-0,H,0,0,1,1.1526,A,-0.0882,-1.0,2026-09-13T15:54:12+00:00
2026-08-30,E0,Man United,Ipswich,0.6834999918937683,0.1949999928474426,0.1215000003576278,H,0.6343,2-0,5-2,H,1,0,1,0.3805,,,,2026-09-13T15:54:12+00:00
2026-08-31,E0,Aston Villa,Arsenal,0.2481999993324279,0.2492000013589859,0.5026000142097473,A,0.3484,1-1,0-1,A,1,0,1,0.688,H,-0.0769,-1.0,2026-09-13T15:54:12+00:00
2026-08-28,E1,Wrexham,Birmingham,0.3799000084400177,0.2964999973773956,0.3235999941825866,H,0.4916,1-1,1-2,A,0,0,0,1.1282,A,-0.0571,2.3,2026-09-13T15:54:12+00:00
2026-08-29,E1,Derby,Swansea,0.3702999949455261,0.2714000046253204,0.3583000004291534,H,0.4872,1-1,0-3,A,0,0,0,1.0264,A,0.0667,2.2,2026-09-13T15:54:12+00:00
2026-08-29,E1,Middlesbrough,West Brom,0.4848999977111816,0.2581999897956848,0.2569000124931335,H,0.5007,1-1,3-1,H,1,0,1,0.7238,A,0.0,-1.0,2026-09-13T15:54:12+00:00
2026-08-29,E1,Wolves,Stoke,0.490799993276596,0.2748000025749206,0.2344000041484832,H,0.4645,1-1,4-1,H,1,0,0,0.7117,A,0.3684,-1.0,2026-09-13T15:54:12+00:00
2026-08-29,E1,Blackburn,QPR,0.3578000068664551,0.2657999992370605,0.3763999938964844,A,0.4839,1-1,1-2,A,1,0,0,0.9771,,,,2026-09-13T15:54:12+00:00
2026-08-29,E1,Bolton,Lincoln,0.244499996304512,0.2309000045061111,0.5245000123977661,A,0.4677,1-1,0-1,A,1,0,1,0.6453,A,0.0185,1.75,2026-09-13T15:54:12+00:00
2026-08-29,E1,Bristol City,Portsmouth,0.4047999978065491,0.2711000144481659,0.324099987745285,H,0.4194,1-1,2-1,H,1,0,0,0.9044,A,0.0645,-1.0,2026-09-13T15:54:12+00:00
2026-08-29,E1,Cardiff,Sheffield United,0.357699990272522,0.2721999883651733,0.3700000047683716,A,0.4175,1-1,2-2,D,0,0,0,1.3012,,,,2026-09-13T15:54:12+00:00
2026-08-29,E1,Charlton,Preston,0.3553000092506408,0.2793999910354614,0.3652999997138977,A,0.4424,1-1,1-0,H,0,0,1,1.0348,A,0.0286,-1.0,2026-09-13T15:54:12+00:00
2026-08-29,E1,Norwich,Burnley,0.4129999876022339,0.2649999856948852,0.3219999969005584,H,0.4921,1-1,4-1,H,1,0,0,0.8843,,,,2026-09-13T15:54:12+00:00
2026-08-29,E1,Southampton,Millwall,0.3968999981880188,0.2764999866485595,0.3264999985694885,H,0.469,1-1,5-1,H,1,0,0,0.9241,A,0.0909,-1.0,2026-09-13T15:54:12+00:00
2026-08-29,E1,Watford,West Ham,0.2161000072956085,0.2264000028371811,0.5575000047683716,A,0.54,1-1,1-1,D,0,1,0,1.4855,A,0.0468,-1.0,2026-09-13T15:54:12+00:00
2026-08-28,F1,Lille,Paris SG,0.2773000001907348,0.2745000123977661,0.448199987411499,A,0.464,1-1,2-2,D,0,0,0,1.2928,H,0.1111,-1.0,2026-09-13T15:54:13+00:00
2026-08-29,F1,Strasbourg,Lens,0.2687000036239624,0.2524999976158142,0.4788999855518341,A,0.6103,1-1,2-1,H,0,0,1,1.3142,,,,2026-09-13T15:54:13+00:00
2026-08-29,F1,Auxerre,Angers,0.5198000073432922,0.2511000037193298,0.2291000038385391,H,0.4427,1-1,1-3,A,0,0,0,1.4736,,,,2026-09-13T15:54:13+00:00
2026-08-29,F1,Brest,Toulouse,0.3736999928951263,0.2820000052452087,0.3443000018596649,H,0.4421,1-1,2-2,D,0,0,0,1.2658,,,,2026-09-13T15:54:13+00:00
2026-08-29,F1,Lorient,Troyes,0.670199990272522,0.1844000071287155,0.1455000042915344,H,0.5169,2-0,1-2,A,0,0,1,1.9276,H,-0.0769,-1.0,2026-09-13T15:54:13+00:00
2026-08-29,F1,Lyon,Le Havre,0.5877000093460083,0.2374999970197677,0.1747999936342239,H,0.4516,1-0,1-1,D,0,0,1,1.4376,A,0.0,-1.0,2026-09-13T15:54:13+00:00
2026-08-30,F1,Paris FC,Nice,0.4749000072479248,0.2757999897003174,0.2494000047445297,H,0.4842,1-1,3-0,H,1,0,0,0.7447,,,,2026-09-13T15:54:13+00:00
2026-08-30,F1,Rennes,Le Mans,0.6416000127792358,0.2187999933958053,0.1396999955177307,H,0.7312,2-0,3-2,H,1,0,1,0.4438,,,,2026-09-13T15:54:13+00:00
2026-08-30,F1,Monaco,Marseille,0.375900000333786,0.2736999988555908,0.3504999876022339,H,0.4958,1-1,2-0,H,1,0,1,0.9784,,,,2026-09-13T15:54:13+00:00
2026-08-29,G1,Volos NFC,Iraklis,0.3325999975204468,0.2838000059127807,0.3835999965667724,A,0.5717,1-1,1-1,D,0,1,0,1.2595,A,0.2424,-1.0,2026-09-13T15:54:13+00:00
2026-08-29,G1,Panetolikos,Kalamata,0.366100013256073,0.2863999903202057,0.3474999964237213,H,0.4699,1-1,2-0,H,1,0,1,1.0048,A,0.0,-1.0,2026-09-13T15:54:13+00:00
2026-08-30,G1,Aris,OFI Crete,0.6682999730110168,0.1995999962091446,0.1321000009775161,H,0.5189,2-0,2-1,H,1,0,1,0.403,H,-0.0852,0.61,2026-09-13T15:54:13+00:00
2026-08-30,G1,Atromitos,PAOK,0.2766999900341034,0.2502999901771545,0.4729000031948089,A,0.7001,1-1,1-2,A,1,0,1,0.7489,H,-0.1304,-1.0,2026-09-13T15:54:13+00:00
2026-08-30,G1,Asteras Tripolis,Olympiakos,0.1196999996900558,0.1811999976634979,0.6991999745368958,A,0.5696,0-2,0-1,A,1,0,0,0.3578,H,0.4667,-1.0,2026-09-13T15:54:13+00:00
2026-08-30,G1,Kifisia,AEK,0.2035000026226043,0.2327000051736831,0.5637999773025513,A,0.411,1-1,1-1,D,0,1,1,1.458,H,-0.1818,-1.0,2026-09-13T15:54:13+00:00
2026-08-31,G1,Levadeiakos,Panathinaikos,0.210899993777275,0.2321999967098236,0.5569000244140625,A,0.4142,1-1,0-2,A,1,0,1,0.5854,H,-0.0385,-1.0,2026-09-13T15:54:13+00:00
2026-08-28,I1,Milan,Venezia,0.6230000257492065,0.2377000004053115,0.1394000053405761,H,0.3938,1-0,2-0,H,1,0,1,0.4732,,,,2026-09-13T15:54:13+00:00
2026-08-29,I1,Fiorentina,Frosinone,0.5223000049591064,0.2581999897956848,0.2195000052452087,H,0.4325,1-1,0-3,A,0,0,0,1.5164,A,0.2125,4.25,2026-09-13T15:54:13+00:00
2026-08-29,I1,Monza,Udinese,0.2736999988555908,0.2468000054359436,0.4794999957084656,A,0.4395,1-1,2-3,A,1,0,0,0.735,A,-0.0769,1.4,2026-09-13T15:54:13+00:00
2026-08-29,I1,Sassuolo,Torino,0.3632000088691711,0.2863000035285949,0.3504999876022339,H,0.3754,1-1,2-1,H,1,0,0,1.0128,A,0.0,-1.0,2026-09-13T15:54:13+00:00
2026-08-29,I1,Juventus,Parma,0.7760000228881836,0.1384000033140182,0.0856000036001205,H,0.5805,2-0,2-0,H,1,1,0,0.2536,,,,2026-09-13T15:54:13+00:00
2026-08-30,I1,Napoli,Como,0.4325000047683716,0.2838000059127807,0.2836999893188476,H,0.3718,1-1,1-2,A,0,0,0,1.2598,H,0.1111,-1.0,2026-09-13T15:54:13+00:00
2026-08-30,I1,Cagliari,Inter,0.1513999998569488,0.1972000002861023,0.6514000296592712,A,0.4755,0-2,0-1,A,1,0,1,0.4286,,,,2026-09-13T15:54:13+00:00
2026-08-30,I1,Lazio,Genoa,0.5680999755859375,0.2487999945878982,0.1831000000238418,H,0.4587,1-1,1-0,H,1,0,1,0.5655,H,-0.1304,1.0,2026-09-13T15:54:13+00:00
2026-08-31,I1,Lecce,Roma,0.1767999976873397,0.2229000031948089,0.6003000140190125,A,0.4549,0-2,0-4,A,1,0,0,0.5103,H,0.0667,-1.0,2026-09-13T15:54:13+00:00
2026-08-31,I1,Atalanta,Bologna,0.4126999974250793,0.2854000031948089,0.3018999993801117,H,0.3718,1-1,1-0,H,1,0,1,0.885,A,-0.0244,-1.0,2026-09-13T15:54:13+00:00
2026-08-28,N1,Groningen,For Sittard,0.4541999995708465,0.2754000127315521,0.2703999876976013,H,0.5793,1-1,2-3,A,0,0,1,1.3079,A,0.0,5.25,2026-09-13T15:54:13+00:00
2026-08-29,N1,Excelsior,Sparta Rotterdam,0.4165000021457672,0.2763000130653381,0.3073000013828277,H,0.4317,1-1,2-1,H,1,0,0,0.8759,,,,2026-09-13T15:54:13+00:00
2026-08-29,N1,AZ Alkmaar,Go Ahead Eagles,0.5863000154495239,0.2344000041484832,0.1793999969959259,H,0.6515,1-1,5-2,H,1,0,1,0.5339,A,-0.1176,-1.0,2026-09-13T15:54:13+00:00
2026-08-29,N1,Zwolle,Nijmegen,0.2029000073671341,0.2383999973535537,0.5587000250816345,A,0.6358,1-1,1-3,A,1,0,1,0.5821,,,,2026-09-13T15:54:13+00:00
2026-08-30,N1,Utrecht,PSV Eindhoven,0.2252999991178512,0.2144999951124191,0.5601999759674072,A,0.6803,1-2,1-6,A,1,0,1,0.5795,,,,2026-09-13T15:54:13+00:00
2026-08-30,N1,Feyenoord,Den Haag,0.8349000215530396,0.1083000004291534,0.0568000003695488,H,0.7153,2-0,2-2,D,0,0,1,2.2229,,,,2026-09-13T15:54:13+00:00
2026-08-30,N1,Willem II,Heerenveen,0.276199996471405,0.2343000024557113,0.4893999993801117,A,0.5873,1-1,2-2,D,0,0,1,1.4512,H,0.0,-1.0,2026-09-13T15:54:13+00:00
2026-08-30,N1,Telstar,Ajax,0.2259999960660934,0.2312999963760376,0.5426999926567078,A,0.6176,1-1,0-4,A,1,0,1,0.6112,H,-0.0909,-1.0,2026-09-13T15:54:13+00:00
2026-08-30,N1,Cambuur,Twente,0.131300002336502,0.1834000051021576,0.6854000091552734,A,0.6235,1-2,1-4,A,1,0,1,0.3778,,,,2026-09-13T15:54:13+00:00
2026-08-28,P1,Rio Ave,Sp Lisbon,0.1386999934911728,0.1762000024318695,0.6851000189781189,A,0.6146,0-2,0-4,A,1,0,1,0.3782,H,0.0625,-1.0,2026-09-13T15:54:13+00:00
2026-08-29,P1,Alverca,Santa Clara,0.3732999861240387,0.2897999882698059,0.336899995803833,H,0.3759,1-1,1-1,D,0,1,1,1.2386,,,,2026-09-13T15:54:13+00:00
2026-08-29,P1,Arouca,Maritimo,0.5006999969482422,0.2750999927520752,0.2241999953985214,H,0.5047,1-1,2-1,H,1,0,1,0.6917,H,0.0714,1.1,2026-09-13T15:54:13+00:00
2026-08-29,P1,Academico Viseu,Porto,0.1544000059366226,0.2001000046730041,0.6455000042915344,A,0.4957,1-1,0-3,A,1,0,0,0.4377,H,-0.0526,-1.0,2026-09-13T15:54:13+00:00
2026-08-30,P1,Nacional,Estrela,0.4133999943733215,0.2691999971866607,0.3174000084400177,H,0.4615,1-1,2-3,A,0,0,0,1.1476,,,,2026-09-13T15:54:13+00:00
2026-08-30,P1,Casa Pia,Moreirense,0.3776000142097473,0.2971000075340271,0.3253999948501587,H,0.2987,0-0,0-1,A,0,0,1,1.1227,,,,2026-09-13T15:54:13+00:00
2026-08-30,P1,Famalicao,Gil Vicente,0.5353000164031982,0.2558000087738037,0.2089000046253204,H,0.4357,1-1,0-0,D,0,0,1,1.3634,H,0.2216,-1.0,2026-09-13T15:54:13+00:00
2026-08-31,P1,Benfica,Estoril,0.8152999877929688,0.127700001001358,0.0568999983370304,H,0.6173,2-0,2-1,H,1,0,1,0.2042,,,,2026-09-13T15:54:13+00:00
2026-08-31,P1,Sp Braga,Guimaraes,0.5494999885559082,0.2556000053882599,0.1949000060558319,H,0.5047,1-0,1-0,H,1,1,0,0.5987,,,,2026-09-13T15:54:13+00:00
2026-08-29,SC0,Celtic,Falkirk,0.7939000129699707,0.1369999945163726,0.0690999999642372,H,0.6009,2-0,2-1,H,1,0,1,0.2308,,,,2026-09-13T15:54:13+00:00
2026-08-29,SC0,Hearts,St Johnstone,0.79339998960495,0.134100005030632,0.0725999996066093,H,0.6267,2-0,2-1,H,1,0,1,0.2314,H,-0.0175,0.68,2026-09-13T15:54:13+00:00
2026-08-29,SC0,Kilmarnock,Dundee United,0.384799987077713,0.2781000137329101,0.3370999991893768,H,0.5348,1-1,0-4,A,0,0,1,1.0874,,,,2026-09-13T15:54:13+00:00
2026-08-30,SC0,Aberdeen,Rangers,0.1536000072956085,0.1959999948740005,0.6503999829292297,A,0.4995,0-2,0-1,A,1,0,1,0.4302,A,0.0,0.76,2026-09-13T15:54:13+00:00
2026-08-30,SC0,Dundee,Hibernian,0.2552999854087829,0.2606000006198883,0.4841000139713287,A,0.5257,1-1,1-2,A,1,0,1,0.7255,A,0.0732,1.2,2026-09-13T15:54:13+00:00
2026-08-30,SC0,St Mirren,Motherwell,0.2809000015258789,0.2563999891281128,0.4627000093460083,A,0.3485,1-1,3-3,D,0,0,0,1.361,A,0.0189,-1.0,2026-09-13T15:54:13+00:00
2026-08-28,SP1,Santander,Elche,0.4449000060558319,0.2682999968528747,0.2869000136852264,H,0.5544,1-1,3-2,H,1,0,1,0.8099,,,,2026-09-13T15:54:13+00:00
2026-08-28,SP1,Alaves,Villarreal,0.2486999928951263,0.2524999976158142,0.4986999928951263,A,0.5721,1-1,1-0,H,0,0,0,1.3915,A,-0.0222,-1.0,2026-09-13T15:54:13+00:00
2026-08-29,SP1,Levante,Betis,0.3167000114917755,0.2818000018596649,0.4014999866485595,A,0.6046,1-1,5-2,H,0,0,1,1.1498,H,0.0625,2.4,2026-09-13T15:54:13+00:00
2026-08-29,SP1,Sociedad,Espanol,0.4203999936580658,0.2894999980926513,0.2901999950408935,H,0.4437,1-1,2-1,H,1,0,0,0.8665,A,0.0,-1.0,2026-09-13T15:54:13+00:00
2026-08-29,SP1,Sevilla,Ath Madrid,0.2903000116348266,0.2671000063419342,0.4426000118255615,A,0.3988,1-1,1-3,A,1,0,0,0.8151,,,,2026-09-13T15:54:13+00:00
2026-08-30,SP1,Real Madrid,Malaga,0.826200008392334,0.1193000003695488,0.0544999986886978,H,0.6378,2-0,4-0,H,1,0,1,0.1909,,,,2026-09-13T15:54:13+00:00
2026-08-30,SP1,La Coruna,Valencia,0.2973999977111816,0.2495000064373016,0.4532000124454498,A,0.4958,1-1,3-1,H,0,0,0,1.2127,A,0.0764,-1.0,2026-09-13T15:54:13+00:00
2026-08-30,SP1,Celta,Ath Bilbao,0.4063000082969665,0.2863000035285949,0.3073999881744385,H,0.4149,1-1,0-2,A,0,0,1,1.1796,,,,2026-09-13T15:54:13+00:00
2026-08-31,SP1,Osasuna,Getafe,0.4061000049114227,0.2912000119686126,0.302700012922287,H,0.3373,1-0,1-0,H,1,1,1,0.9012,A,-0.0854,-1.0,2026-09-13T15:54:13+00:00
2026-08-31,SP1,Barcelona,Vallecano,0.7427999973297119,0.1699000000953674,0.0873000025749206,H,0.6152,2-0,5-2,H,1,0,1,0.2973,D,-0.2,-1.0,2026-09-13T15:54:13+00:00
2026-08-28,T1,Genclerbirligi,Erzurumspor,0.3833999931812286,0.2931999862194061,0.3233999907970428,H,0.5186,1-1,1-1,D,0,1,0,1.2269,A,0.1471,-1.0,2026-09-13T15:54:13+00:00
2026-08-29,T1,Konyaspor,Kocaelispor,0.490200012922287,0.2800000011920929,0.2298000007867813,H,0.4354,1-1,1-2,A,0,0,0,1.4705,,,,2026-09-13T15:54:13+00:00
2026-08-29,T1,Galatasaray,Goztep,0.676800012588501,0.1900999993085861,0.1331000030040741,H,0.6858,2-0,3-2,H,1,0,1,0.3904,,,,2026-09-13T15:54:13+00:00
2026-08-29,T1,Gaziantep,Rizespor,0.3337999880313873,0.276199996471405,0.3899999856948852,A,0.5597,1-1,1-2,A,1,0,1,0.9416,A,0.1953,1.57,2026-09-13T15:54:13+00:00
2026-08-30,T1,Eyupspor,Alanyaspor,0.3415000140666961,0.2849999964237213,0.3734999895095825,A,0.3864,1-1,2-1,H,0,0,0,1.0744,H,-0.1579,2.2,2026-09-13T15:54:13+00:00
2026-08-30,T1,Buyuksehyr,Kasimpasa,0.6261000037193298,0.2346999943256378,0.1391000002622604,H,0.5568,2-0,1-1,D,0,0,0,1.4494,H,0.0255,-1.0,2026-09-13T15:54:13+00:00
2026-08-30,T1,Samsunspor,Fenerbahce,0.2405000030994415,0.2234999984502792,0.5360000133514404,A,0.582,1-1,0-2,A,1,0,0,0.6236,H,-0.0476,-1.0,2026-09-13T15:54:13+00:00
2026-08-31,T1,Amedspor,Trabzonspor,0.2240000069141388,0.2356999963521957,0.5403000116348267,A,0.4469,1-1,2-1,H,0,0,0,1.4961,A,-0.0746,-1.0,2026-09-13T15:54:13+00:00
2026-08-31,T1,Besiktas,Corum,0.6960999965667725,0.1842000037431717,0.1198000013828277,H,0.6476,2-0,6-2,H,1,0,1,0.3623,,,,2026-09-13T15:54:13+00:00
2026-09-02,B1,St Truiden,St. Gilloise,0.2280000001192093,0.2272000014781952,0.5447999835014343,A,0.5759,1-1,0-3,A,1,0,1,0.6073,A,0.0437,0.91,2026-09-13T15:54:13+00:00
2026-09-03,B1,Anderlecht,Kortrijk,0.5457000136375427,0.2401999980211258,0.2141000032424926,H,0.6209,2-1,1-0,H,1,0,0,0.6057,A,-0.1538,-1.0,2026-09-13T15:54:13+00:00
2026-09-03,B1,Gent,Oud-Heverlee Leuven,0.4485999941825866,0.2827000021934509,0.2687000036239624,H,0.5946,1-1,1-0,H,1,0,0,0.8016,A,-0.0476,-1.0,2026-09-13T15:54:13+00:00
2026-09-01,E1,Lincoln,Blackburn,0.5239999890327454,0.2408999949693679,0.2351000010967254,H,0.5812,1-1,0-0,D,0,0,0,1.4234,H,-0.0435,-1.0,2026-09-13T15:54:13+00:00
2026-09-01,E1,Portsmouth,Derby,0.37950000166893,0.2770000100135803,0.3434999883174896,H,0.4325,1-1,0-2,A,0,0,1,1.0686,A,0.1111,3.0,2026-09-13T15:54:13+00:00
2026-09-01,E1,Preston,Bristol City,0.3774000108242035,0.2822000086307525,0.3404000103473663,H,0.3988,1-1,1-3,A,0,0,0,1.0776,H,0.1059,-1.0,2026-09-13T15:54:13+00:00
2026-09-01,E1,Sheffield United,Bolton,0.638700008392334,0.1942999958992004,0.1669999957084655,H,0.5771,1-1,3-2,H,1,0,1,0.4483,H,-0.0542,0.57,2026-09-13T15:54:13+00:00
2026-09-01,E1,Swansea,Watford,0.4828999936580658,0.2608999907970428,0.2561999857425689,H,0.5379,1-1,2-0,H,1,0,0,0.7279,A,0.05,-1.0,2026-09-13T15:54:13+00:00
2026-09-01,E1,West Ham,Wolves,0.5404999852180481,0.2626999914646148,0.1967999935150146,H,0.4416,1-1,4-2,H,1,0,0,0.6153,H,-0.0651,1.01,2026-09-13T15:54:13+00:00
2026-09-01,E1,Birmingham,Southampton,0.3436000049114227,0.259799987077713,0.3966000080108642,A,0.5325,1-1,1-1,D,0,1,0,1.3478,A,0.0708,-1.0,2026-09-13T15:54:13+00:00
2026-09-01,E1,Stoke,Norwich,0.329800009727478,0.2576999962329864,0.4124999940395355,A,0.4913,1-1,1-0,H,0,0,1,1.1093,H,0.0303,2.4,2026-09-13T15:54:13+00:00
2026-09-02,E1,Millwall,Wrexham,0.4828999936580658,0.2693000137805938,0.2477999925613403,H,0.3996,1-1,0-3,A,0,0,0,1.3951,H,-0.0222,-1.0,2026-09-13T15:54:13+00:00
2026-09-02,E1,QPR,Cardiff,0.3837000131607055,0.2728999853134155,0.3433000147342682,H,0.4988,1-1,2-1,H,1,0,0,0.9579,A,0.1538,-1.0,2026-09-13T15:54:13+00:00
2026-09-02,E1,West Brom,Charlton,0.4875000119209289,0.2451999932527542,0.2671999931335449,H,0.4809,1-1,1-1,D,0,1,1,1.4057,A,-0.0952,-1.0,2026-09-13T15:54:13+00:00
2026-09-02,E1,Burnley,Middlesbrough,0.3208999931812286,0.2845000028610229,0.3946000039577484,A,0.5462,1-1,1-1,D,0,1,0,1.257,,,,2026-09-13T15:54:13+00:00
2026-09-03,F1,Toulouse,Lille,0.1824000030755996,0.2363999933004379,0.5812000036239624,A,0.514,1-1,0-1,A,1,0,0,0.5427,A,0.0488,1.15,2026-09-13T15:54:13+00:00
2026-09-02,SC0,Celtic,Aberdeen,0.817300021648407,0.124899998307228,0.0577000007033348,H,0.6662,2-0,3-0,H,1,0,1,0.2017,,,,2026-09-13T15:54:13+00:00
2026-09-02,SC0,Dundee,St Johnstone,0.4329999983310699,0.2782999873161316,0.2887000143527984,H,0.4835,1-1,1-1,D,0,1,1,1.2791,H,-0.0078,-1.0,2026-09-13T15:54:13+00:00
2026-09-02,SC0,Kilmarnock,St Mirren,0.4063999950885772,0.2820999920368194,0.311599999666214,H,0.4086,1-1,0-1,A,0,0,1,1.166,H,0.0377,-1.0,2026-09-13T15:54:13+00:00
2026-09-02,SC0,Motherwell,Dundee United,0.4973999857902527,0.2746999859809875,0.2278999984264373,H,0.5059,1-1,3-0,H,1,0,1,0.6984,,,,2026-09-13T15:54:13+00:00
2026-09-02,SC0,Falkirk,Rangers,0.1641999930143356,0.1962999999523162,0.6395000219345093,A,0.6789,0-2,1-2,A,1,0,1,0.4471,A,0.0685,0.56,2026-09-13T15:54:13+00:00
2026-09-03,SC0,Hibernian,Hearts,0.2282000035047531,0.2587000131607055,0.5131000280380249,A,0.4391,1-1,1-3,A,1,0,0,0.6673,A,-0.0702,1.65,2026-09-13T15:54:13+00:00
2026-09-03,SP1,Sociedad,Celta,0.3237000107765198,0.2838999927043915,0.3925000131130218,A,0.4856,1-1,0-0,D,0,0,1,1.2591,A,-0.2,-1.0,2026-09-13T15:54:13+00:00
2026-09-04,B1,Lommel SK,Club Brugge,0.1190000027418136,0.1722999960184097,0.7087000012397766,A,0.5624,0-2,0-1,A,1,0,0,0.3443,,,,2026-09-13T15:54:13+00:00
2026-09-05,B1,Charleroi,St. Gilloise,0.1747000068426132,0.2067999988794326,0.6186000108718872,A,0.6417,0-1,2-3,A,1,0,1,0.4803,A,0.1351,1.1,2026-09-13T15:54:13+00:00
2026-09-05,B1,Mechelen,Westerlo,0.3269999921321869,0.2732999920845032,0.3996999859809875,A,0.4541,1-1,0-4,A,1,0,0,0.917,A,-0.1143,2.1,2026-09-13T15:54:13+00:00
2026-09-05,B1,St Truiden,RAAL La Louviere,0.5884000062942505,0.2443999946117401,0.1671999990940094,H,0.489,2-0,4-0,H,1,0,0,0.5303,,,,2026-09-13T15:54:13+00:00
2026-09-05,B1,Standard,Antwerp,0.4034000039100647,0.278899997472763,0.3176000118255615,H,0.4548,1-1,1-0,H,1,0,1,0.9078,A,-0.0588,-1.0,2026-09-13T15:54:13+00:00
2026-09-06,B1,Cercle Brugge,Gent,0.4530999958515167,0.246299996972084,0.3007000088691711,H,0.6025,1-1,0-3,A,0,0,1,1.2016,H,-0.1129,-1.0,2026-09-13T15:54:13+00:00
2026-09-06,B1,Kortrijk,Waregem,0.3515999913215637,0.2782000005245209,0.3702000081539154,A,0.5906,1-1,0-2,A,1,0,0,0.9937,H,0.0764,-1.0,2026-09-13T15:54:13+00:00
2026-09-06,B1,Anderlecht,Genk,0.306300014257431,0.2736000120639801,0.4201000034809112,A,0.4996,1-1,0-0,D,0,0,1,1.2961,A,-0.0182,-1.0,2026-09-13T15:54:13+00:00
2026-09-06,B1,Beveren,Oud-Heverlee Leuven,0.481900006532669,0.2655999958515167,0.2524999976158142,H,0.583,1-1,3-0,H,1,0,1,0.73,,,,2026-09-13T15:54:13+00:00
2026-09-04,D1,Stuttgart,FC Koln,0.6585000157356262,0.1994999945163726,0.1420000046491623,H,0.8423,2-1,4-1,H,1,0,1,0.4178,,,,2026-09-13T15:54:13+00:00
2026-09-05,D1,Hoffenheim,Dortmund,0.2496999949216842,0.2603999972343445,0.4898000061511993,A,0.593,1-1,2-3,A,1,0,1,0.7138,A,-0.1852,1.2,2026-09-13T15:54:13+00:00
2026-09-05,D1,Leverkusen,Union Berlin,0.6560999751091003,0.2040999978780746,0.1397999972105026,H,0.7479,2-1,4-0,H,1,0,1,0.4214,,,,2026-09-13T15:54:13+00:00
2026-09-05,D1,M'gladbach,Elversberg,0.4081000089645386,0.2888999879360199,0.3030000030994415,H,0.809,1-1,3-4,A,0,0,1,1.194,A,0.0857,2.8,2026-09-13T15:54:13+00:00
2026-09-05,D1,Paderborn,Freiburg,0.2310999929904937,0.225500002503395,0.54339998960495,A,0.5017,1-1,0-1,A,1,0,0,0.6099,A,0.0209,0.95,2026-09-13T15:54:13+00:00
2026-09-05,D1,Werder Bremen,RB Leipzig,0.1951999962329864,0.213699996471405,0.5910999774932861,A,0.6257,1-1,3-1,H,0,0,1,1.6337,A,-0.0546,-1.0,2026-09-13T15:54:13+00:00
2026-09-05,D1,Schalke 04,Bayern Munich,0.1128000020980835,0.1570000052452087,0.7301999926567078,A,0.7514,1-2,0-0,D,0,0,0,1.8515,H,0.1538,-1.0,2026-09-13T15:54:13+00:00
2026-09-06,D1,Hamburg,Mainz,0.2930000126361847,0.2569000124931335,0.4501000046730041,A,0.5863,1-1,0-5,A,1,0,1,0.7983,A,0.0213,1.4,2026-09-13T15:54:13+00:00
2026-09-06,D1,Ein Frankfurt,Augsburg,0.4571000039577484,0.2820000052452087,0.2608000040054321,H,0.6318,1-1,1-4,A,0,0,1,1.344,D,-0.0488,-1.0,2026-09-13T15:54:13+00:00
2026-09-04,E0,Ipswich,Liverpool,0.2488999962806701,0.2372000068426132,0.5138999819755554,A,0.6071,1-1,0-2,A,1,0,0,0.6657,H,0.1053,-1.0,2026-09-13T15:54:14+00:00
2026-09-05,E0,Newcastle,Bournemouth,0.3005000054836273,0.2628999948501587,0.436599999666214,A,0.452,1-1,2-2,D,0,0,0,1.336,A,0.0154,-1.0,2026-09-13T15:54:14+00:00
2026-09-05,E0,Brentford,Sunderland,0.4665000140666961,0.2745999991893768,0.2590000033378601,H,0.3382,1-1,1-1,D,0,1,1,1.2924,A,0.1579,-1.0,2026-09-13T15:54:14+00:00
2026-09-05,E0,Brighton,Leeds,0.4756999909877777,0.2716000080108642,0.252700001001358,H,0.4661,1-1,1-1,D,0,1,1,1.3034,,,,2026-09-13T15:54:14+00:00
2026-09-05,E0,Fulham,Crystal Palace,0.4212999939918518,0.2806999981403351,0.2980000078678131,H,0.3926,1-1,2-3,A,0,0,0,1.2107,,,,2026-09-13T15:54:14+00:00
2026-09-05,E0,Man City,Coventry,0.6881999969482422,0.1965000033378601,0.1152999997138977,H,0.8896,2-1,1-0,H,1,0,0,0.3737,D,0.0667,-1.0,2026-09-13T15:54:14+00:00
2026-09-05,E0,Nott'm Forest,Tottenham,0.4837999939918518,0.2642000019550323,0.2520000040531158,H,0.4907,1-1,0-0,D,0,0,1,1.331,H,-0.1111,-1.0,2026-09-13T15:54:14+00:00
2026-09-05,E0,Hull,Aston Villa,0.1852000057697296,0.2270999997854232,0.5877000093460083,A,0.6276,1-1,0-0,D,0,0,0,1.4824,A,-0.0314,-1.0,2026-09-13T15:54:14+00:00
2026-09-06,E0,Everton,Man United,0.2867999970912933,0.2601999938488006,0.453000009059906,A,0.5331,1-1,2-2,D,0,0,1,1.3463,,,,2026-09-13T15:54:14+00:00
2026-09-06,E0,Arsenal,Chelsea,0.7310000061988831,0.1659000068902969,0.1030000001192092,H,0.4936,1-1,2-1,H,1,0,0,0.3133,H,-0.0176,0.67,2026-09-13T15:54:14+00:00
2026-09-05,E1,Lincoln,Southampton,0.3501000106334686,0.2666999995708465,0.3831000030040741,A,0.5719,1-1,1-1,D,0,1,0,1.3216,H,0.0244,-1.0,2026-09-13T15:54:14+00:00
2026-09-05,E1,Preston,Blackburn,0.3833000063896179,0.2782999873161316,0.3384000062942505,H,0.3972,1-1,2-1,H,1,0,0,0.9589,,,,2026-09-13T15:54:14+00:00
2026-09-05,E1,Stoke,Charlton,0.4063000082969665,0.2768999934196472,0.3167999982833862,H,0.3391,1-1,4-0,H,1,0,0,0.9007,A,-0.1026,-1.0,2026-09-13T15:54:14+00:00
2026-09-05,E1,Burnley,Bristol City,0.4638999998569488,0.2840000092983246,0.2520999908447265,H,0.4572,1-1,1-2,A,0,0,0,1.3779,,,,2026-09-13T15:54:14+00:00
2026-09-05,E1,Millwall,Bolton,0.7408999800682068,0.162100002169609,0.0970000028610229,H,0.5196,2-0,4-0,H,1,0,1,0.2999,H,-0.0262,0.86,2026-09-13T15:54:14+00:00
2026-09-05,E1,Portsmouth,Cardiff,0.3955000042915344,0.2736000120639801,0.3309000134468078,H,0.3793,1-1,2-0,H,1,0,1,0.9276,,,,2026-09-13T15:54:14+00:00
2026-09-05,E1,QPR,Middlesbrough,0.2797000110149383,0.2442999929189682,0.4760000109672546,A,0.5317,1-1,0-1,A,1,0,0,0.7423,A,-0.1042,1.15,2026-09-13T15:54:14+00:00
2026-09-05,E1,Sheffield United,Norwich,0.3639000058174133,0.2709999978542328,0.3650999963283539,A,0.5891,1-1,1-3,A,1,0,1,1.0076,,,,2026-09-13T15:54:14+00:00
2026-09-05,E1,West Brom,Watford,0.4848000109195709,0.2389000058174133,0.2763000130653381,H,0.5376,1-1,1-0,H,1,0,0,0.724,A,-0.1579,-1.0,2026-09-13T15:54:14+00:00
2026-09-05,E1,West Ham,Derby,0.5968000292778015,0.2362000048160553,0.1669999957084655,H,0.5038,2-0,3-0,H,1,0,1,0.5162,D,-0.0909,-1.0,2026-09-13T15:54:14+00:00
2026-09-05,E1,Swansea,Wrexham,0.4043000042438507,0.2784999907016754,0.3172000050544739,H,0.5083,1-1,0-0,D,0,0,0,1.2783,A,0.0154,-1.0,2026-09-13T15:54:14+00:00
2026-09-06,E1,Birmingham,Wolves,0.4153000116348266,0.2556000053882599,0.3289999961853027,H,0.4274,1-1,2-2,D,0,0,0,1.3641,H,0.0106,-1.0,2026-09-13T15:54:14+00:00
2026-09-04,F1,Lyon,Auxerre,0.5504999756813049,0.2642000019550323,0.1852000057697296,H,0.4853,1-1,3-1,H,1,0,0,0.5969,A,0.1538,-1.0,2026-09-13T15:54:14+00:00
2026-09-04,F1,Paris SG,Monaco,0.6621000170707703,0.1851000040769577,0.1527000069618225,H,0.6881,2-1,1-2,A,0,0,1,1.8793,,,,2026-09-13T15:54:14+00:00
2026-09-05,F1,Lens,Lorient,0.7179999947547913,0.1641999930143356,0.1177999973297119,H,0.6215,2-0,0-1,A,0,0,0,2.1388,H,-0.0333,-1.0,2026-09-13T15:54:14+00:00
2026-09-05,F1,Le Havre,Brest,0.3928000032901764,0.2809999883174896,0.326200008392334,H,0.3897,1-1,1-2,A,0,0,0,1.1202,H,-0.0931,-1.0,2026-09-13T15:54:14+00:00
2026-09-05,F1,Nice,Le Mans,0.403899997472763,0.2930999994277954,0.3030000030994415,H,0.5812,1-1,1-1,D,0,1,0,1.2272,A,-0.1752,-1.0,2026-09-13T15:54:14+00:00
2026-09-06,F1,Troyes,Strasbourg,0.1800999939441681,0.2140000015497207,0.6057999730110168,A,0.6115,1-1,2-6,A,1,0,1,0.5012,A,-0.08,1.3,2026-09-13T15:54:14+00:00
2026-09-06,F1,Angers,Rennes,0.1858000010251999,0.2107000052928924,0.6035000085830688,A,0.5816,0-2,1-2,A,1,0,1,0.505,A,0.0882,0.85,2026-09-13T15:54:14+00:00
2026-09-06,F1,Marseille,Paris FC,0.5404999852180481,0.2551999986171722,0.2043000012636184,H,0.5385,1-1,2-3,A,0,0,1,1.5882,,,,2026-09-13T15:54:14+00:00
2026-09-05,G1,Volos NFC,Olympiakos,0.1092000007629394,0.166700005531311,0.7240999937057495,A,0.6138,0-2,1-1,D,0,0,0,1.7916,H,0.0909,-1.0,2026-09-13T15:54:14+00:00
2026-09-05,G1,AEK,Aris,0.5580000281333923,0.2320999950170517,0.2099000066518783,H,0.5966,1-0,5-0,H,1,0,1,0.5834,A,-0.1579,-1.0,2026-09-13T15:54:14+00:00
2026-09-06,G1,Atromitos,Kalamata,0.486299991607666,0.2784999907016754,0.2352000027894973,H,0.5627,1-1,1-1,D,0,1,0,1.2783,,,,2026-09-13T15:54:14+00:00
2026-09-06,G1,OFI Crete,Kifisia,0.3278999924659729,0.2971999943256378,0.3749000132083893,A,0.3617,1-1,2-0,H,0,0,1,1.115,A,0.0294,-1.0,2026-09-13T15:54:14+00:00
2026-09-06,G1,Levadeiakos,Panetolikos,0.5189999938011169,0.277099996805191,0.2038999944925308,H,0.4121,1-1,0-2,A,0,0,1,1.5901,,,,2026-09-13T15:54:14+00:00
2026-09-06,G1,Panathinaikos,PAOK,0.4336999952793121,0.2775999903678894,0.2887000143527984,H,0.3546,1-1,3-1,H,1,0,0,0.8354,H,0.2304,1.35,2026-09-13T15:54:14+00:00
2026-09-07,G1,Asteras Tripolis,Iraklis,0.3749000132083893,0.288100004196167,0.3370000123977661,H,0.3612,1-1,0-2,A,0,0,1,1.0877,A,-0.0385,2.75,2026-09-13T15:54:14+00:00
2026-09-04,I1,Genoa,Como,0.1806000024080276,0.2416000068187713,0.5777999758720398,A,0.3029,0-1,1-4,A,1,0,0,0.5485,A,0.0294,0.75,2026-09-13T15:54:14+00:00
2026-09-05,I1,Fiorentina,Torino,0.4573999941349029,0.2863999903202057,0.2561999857425689,H,0.3967,1-1,1-2,A,0,0,0,1.3618,A,0.1538,3.5,2026-09-13T15:54:14+00:00
2026-09-05,I1,Inter,Napoli,0.5092999935150146,0.2640999853610992,0.2266000062227249,H,0.5432,1-1,3-2,H,1,0,1,0.6747,A,0.0476,-1.0,2026-09-13T15:54:14+00:00
2026-09-05,I1,Roma,Atalanta,0.4828000068664551,0.2702000141143799,0.2470999956130981,H,0.3479,1-1,2-1,H,1,0,0,0.7282,A,-0.0476,-1.0,2026-09-13T15:54:14+00:00
2026-09-06,I1,Frosinone,Venezia,0.3851000070571899,0.2759999930858612,0.3388000130653381,H,0.4698,1-1,3-2,H,1,0,0,0.9543,H,0.125,1.7,2026-09-13T15:54:14+00:00
2026-09-06,I1,Parma,Monza,0.4848000109195709,0.2816999852657318,0.2335000038146972,H,0.4551,1-1,1-1,D,0,1,1,1.2669,H,-0.0714,-1.0,2026-09-13T15:54:14+00:00
2026-09-06,I1,Bologna,Sassuolo,0.5809999704360962,0.2617000043392181,0.1573999971151352,H,0.3935,1-0,2-2,D,0,0,0,1.3406,H,0.0256,-1.0,2026-09-13T15:54:14+00:00
2026-09-06,I1,Juventus,Milan,0.5198000073432922,0.2511000037193298,0.229200005531311,H,0.338,1-1,1-1,D,0,1,1,1.3819,H,-0.0455,-1.0,2026-09-13T15:54:14+00:00
2026-09-07,I1,Cagliari,Lecce,0.4183000028133392,0.2903999984264374,0.2912999987602234,H,0.3675,1-1,1-0,H,1,0,1,0.8716,A,0.2028,-1.0,2026-09-13T15:54:14+00:00
2026-09-07,I1,Udinese,Lazio,0.2705000042915344,0.2567999958992004,0.4726000130176544,A,0.3844,1-1,1-2,A,1,0,0,0.7495,A,-0.0192,1.55,2026-09-13T15:54:14+00:00
2026-09-04,N1,Sparta Rotterdam,Zwolle,0.4142999947071075,0.2928999960422516,0.2928000092506408,H,0.5318,1-1,2-2,D,0,0,1,1.2279,A,0.0833,-1.0,2026-09-13T15:54:14+00:00
2026-09-05,N1,Nijmegen,Feyenoord,0.2752000093460083,0.26910001039505,0.455700010061264,A,0.6419,1-1,1-3,A,1,0,1,0.7859,,,,2026-09-13T15:54:14+00:00
2026-09-05,N1,Utrecht,Go Ahead Eagles,0.5802000164985657,0.2374999970197677,0.1821999996900558,H,0.607,1-1,3-3,D,0,0,1,1.4376,H,0.0,-1.0,2026-09-13T15:54:14+00:00
2026-09-05,N1,Ajax,PSV Eindhoven,0.2498999983072281,0.224600002169609,0.525600016117096,A,0.5937,1-1,1-3,A,1,0,1,0.6432,A,-0.04,1.4,2026-09-13T15:54:14+00:00
2026-09-05,N1,Willem II,Excelsior,0.2928000092506408,0.2630999982357025,0.4440999925136566,A,0.4705,1-1,0-3,A,1,0,0,0.8117,A,0.0698,1.3,2026-09-13T15:54:14+00:00
2026-09-06,N1,Groningen,Twente,0.2382999956607818,0.2412000000476837,0.5205000042915344,A,0.544,1-1,2-2,D,0,0,1,1.4221,A,0.1081,-1.0,2026-09-13T15:54:14+00:00
2026-09-06,N1,Heerenveen,AZ Alkmaar,0.3030000030994415,0.272599995136261,0.4244000017642975,A,0.6427,1-1,2-3,A,1,0,1,0.8571,H,0.0263,-1.0,2026-09-13T15:54:14+00:00
2026-09-06,N1,Telstar,Cambuur,0.626800000667572,0.1949999928474426,0.1782000064849853,H,0.6909,2-1,2-2,D,0,0,1,1.6348,H,-0.0636,-1.0,2026-09-13T15:54:14+00:00
2026-09-06,N1,Den Haag,For Sittard,0.3167999982833862,0.2563000023365021,0.4268999993801117,A,0.4266,1-1,2-3,A,1,0,0,0.8512,A,-0.0462,2.1,2026-09-13T15:54:14+00:00
2026-09-04,P1,Porto,Moreirense,0.8119000196456909,0.1290999948978424,0.0590000003576278,H,0.5381,2-0,2-1,H,1,0,1,0.2084,,,,2026-09-13T15:54:14+00:00
2026-09-05,P1,Estrela,Famalicao,0.2409999966621399,0.2374999970197677,0.5214999914169312,A,0.4519,1-1,2-2,D,0,0,0,1.4376,A,0.0,-1.0,2026-09-13T15:54:14+00:00
2026-09-05,P1,Alverca,Sp Braga,0.2016000002622604,0.2344000041484832,0.5640000104904175,A,0.471,0-1,1-2,A,1,0,0,0.5727,,,,2026-09-13T15:54:14+00:00
2026-09-05,P1,Maritimo,Benfica,0.1544999927282333,0.1882999986410141,0.6571000218391418,A,0.5943,1-1,0-3,A,1,0,1,0.4199,H,-0.2,-1.0,2026-09-13T15:54:14+00:00
2026-09-05,P1,Sp Lisbon,Nacional,0.8008999824523926,0.1377999931573867,0.0612000003457069,H,0.7305,2-0,2-0,H,1,1,0,0.222,,,,2026-09-13T15:54:14+00:00
2026-09-06,P1,Santa Clara,Rio Ave,0.3813999891281128,0.2915999889373779,0.32710000872612,H,0.3873,1-1,4-0,H,1,0,0,0.9639,A,0.1585,-1.0,2026-09-13T15:54:14+00:00
2026-09-06,P1,Guimaraes,Casa Pia,0.4632999897003174,0.2897000014781952,0.2469999939203262,H,0.4242,1-1,0-0,D,0,0,1,1.2389,A,-0.1333,-1.0,2026-09-13T15:54:14+00:00
2026-09-06,P1,Gil Vicente,Academico Viseu,0.4489000141620636,0.2939999997615814,0.257099986076355,H,0.3615,1-1,0-1,A,0,0,1,1.3583,A,0.2727,3.2,2026-09-13T15:54:14+00:00
2026-09-07,P1,Estoril,Arouca,0.332500010728836,0.2840999960899353,0.3835000097751617,A,0.4504,1-1,0-0,D,0,0,1,1.2584,A,0.0909,-1.0,2026-09-13T15:54:14+00:00
2026-09-05,SC0,Aberdeen,Kilmarnock,0.3273000121116638,0.2786999940872192,0.3939999938011169,A,0.5223,1-1,0-0,D,0,0,0,1.2776,A,-0.1429,-1.0,2026-09-13T15:54:14+00:00
2026-09-05,SC0,Dundee United,Falkirk,0.4079999923706054,0.2836999893188476,0.3082999885082245,H,0.564,1-1,1-1,D,0,1,0,1.2598,A,0.1176,-1.0,2026-09-13T15:54:14+00:00
2026-09-05,SC0,Rangers,Motherwell,0.6420000195503235,0.2092999964952469,0.1488000005483627,H,0.7633,1-1,1-0,H,1,0,0,0.4432,,,,2026-09-13T15:54:14+00:00
2026-09-05,SC0,St Mirren,Celtic,0.1536000072956085,0.1960999965667724,0.6503000259399414,A,0.5689,0-1,1-2,A,1,0,1,0.4303,,,,2026-09-13T15:54:14+00:00
2026-09-06,SC0,Hearts,Dundee,0.7996000051498413,0.1252000033855438,0.0751999989151954,H,0.5973,2-0,2-1,H,1,0,1,0.2236,H,0.0504,0.46,2026-09-13T15:54:14+00:00
2026-09-06,SC0,St Johnstone,Hibernian,0.2395000010728836,0.241699993610382,0.5188000202178955,A,0.4637,1-1,2-1,H,0,0,0,1.4292,A,0.1136,-1.0,2026-09-13T15:54:14+00:00
2026-09-04,SP1,Betis,Real Madrid,0.2327000051736831,0.243599995970726,0.5236999988555908,A,0.5922,1-1,1-0,H,0,0,0,1.458,H,0.12,6.0,2026-09-13T15:54:14+00:00
2026-09-05,SP1,Ath Bilbao,Ath Madrid,0.3086000084877014,0.2816999852657318,0.4097000062465668,A,0.5323,1-1,3-0,H,0,0,1,1.1757,,,,2026-09-13T15:54:14+00:00
2026-09-05,SP1,Vallecano,Santander,0.503000020980835,0.2800999879837036,0.2169000059366226,H,0.3405,1-1,3-2,H,1,0,0,0.6872,H,0.1538,1.25,2026-09-13T15:54:14+00:00
2026-09-05,SP1,Villarreal,La Coruna,0.7027000188827515,0.1896000057458877,0.1076999977231025,H,0.6223,2-0,2-3,A,0,0,1,2.2284,H,0.0417,-1.0,2026-09-13T15:54:14+00:00
2026-09-06,SP1,Valencia,Barcelona,0.1550000011920929,0.2047999948263168,0.6401000022888184,A,0.6187,0-2,0-5,A,1,0,1,0.4461,H,0.0,-1.0,2026-09-13T15:54:14+00:00
2026-09-06,SP1,Alaves,Osasuna,0.3792999982833862,0.2847000062465668,0.335999995470047,H,0.3684,1-1,5-2,H,1,0,0,0.9694,A,-0.0278,-1.0,2026-09-13T15:54:14+00:00
2026-09-06,SP1,Malaga,Levante,0.2741000056266784,0.25450000166893,0.4715000092983246,A,0.4616,1-1,0-0,D,0,0,1,1.3685,A,0.0,-1.0,2026-09-13T15:54:14+00:00
2026-09-06,SP1,Espanol,Sevilla,0.3492999970912933,0.292600005865097,0.3580999970436096,A,0.4126,1-1,1-1,D,0,1,1,1.2289,A,0.0462,-1.0,2026-09-13T15:54:14+00:00
2026-09-07,SP1,Getafe,Celta,0.3023000061511993,0.2777999937534332,0.4198000133037567,A,0.3602,1-1,1-1,D,0,1,1,1.2809,A,0.1333,-1.0,2026-09-13T15:54:14+00:00
2026-09-07,SP1,Elche,Sociedad,0.3646000027656555,0.2921000123023987,0.3431999981403351,H,0.401,1-1,2-3,A,0,0,0,1.0694,H,0.0333,-1.0,2026-09-13T15:54:14+00:00
2026-09-04,T1,Buyuksehyr,Galatasaray,0.2395000010728836,0.2349999994039535,0.5253999829292297,A,0.6638,1-1,2-3,A,1,0,1,0.6436,H,0.0526,-1.0,2026-09-13T15:54:14+00:00
2026-09-05,T1,Erzurumspor,Konyaspor,0.3813999891281128,0.2784999907016754,0.3400999903678894,H,0.4357,1-1,1-0,H,1,0,1,0.9639,,,,2026-09-13T15:54:14+00:00
2026-09-05,T1,Fenerbahce,Besiktas,0.6121000051498413,0.2026000022888183,0.1852999925613403,H,0.6575,2-1,1-2,A,0,0,1,1.6858,H,-0.1619,-1.0,2026-09-13T15:54:14+00:00
2026-09-06,T1,Corum,Eyupspor,0.4097000062465668,0.2748999893665313,0.3154000043869018,H,0.5582,1-1,3-0,H,1,0,1,0.8923,A,-0.0952,-1.0,2026-09-13T15:54:14+00:00
2026-09-06,T1,Kasimpasa,Amedspor,0.4167999923229217,0.2958000004291534,0.2874999940395355,H,0.3741,1-1,2-2,D,0,0,0,1.2181,,,,2026-09-13T15:54:14+00:00
2026-09-06,T1,Kocaelispor,Samsunspor,0.1951999962329864,0.2439000010490417,0.5608999729156494,A,0.525,1-1,1-0,H,0,0,0,1.6337,A,-0.06,-1.0,2026-09-13T15:54:14+00:00
2026-09-06,T1,Trabzonspor,Genclerbirligi,0.6836000084877014,0.2133000046014785,0.1031000018119812,H,0.4785,2-0,5-0,H,1,0,0,0.3804,H,0.0876,0.49,2026-09-13T15:54:14+00:00
2026-09-07,T1,Goztep,Gaziantep,0.5536999702453613,0.2540000081062317,0.1923000067472458,H,0.6125,1-1,2-4,A,0,0,1,1.6487,H,0.0,-1.0,2026-09-13T15:54:14+00:00
2026-09-07,T1,Rizespor,Alanyaspor,0.3763000071048736,0.2804000079631805,0.3433000147342682,H,0.459,1-1,0-1,A,0,0,1,1.0692,A,-0.0889,3.1,2026-09-13T15:54:14+00:00
2026-09-10,G1,Panathinaikos,Kifisia,0.635699987411499,0.2242999970912933,0.1400000005960464,H,0.4983,1-0,3-1,H,1,0,0,0.453,A,0.0,-1.0,2026-09-13T15:54:14+00:00
2026-09-10,P1,Estrela,Sp Braga,0.183799996972084,0.2392999976873397,0.5769000053405762,A,0.4865,0-1,2-1,H,0,0,0,1.6939,A,0.0962,-1.0,2026-09-13T15:54:14+00:00
2026-09-11,B1,Mechelen,Anderlecht,0.2795999944210052,0.2578999996185303,0.4625000059604645,A,0.5848,1-1,0-1,A,1,0,0,0.7711,H,0.0,-1.0,2026-09-15T09:45:04+00:00
2026-09-11,D1,Union Berlin,Schalke 04,0.5062000155448914,0.2560999989509582,0.2375999987125396,H,0.565,1-1,1-3,A,0,0,1,1.4372,H,0.0426,-1.0,2026-09-15T09:45:04+00:00
2026-09-11,E1,West Ham,Wrexham,0.5843999981880188,0.2540999948978424,0.1614000052213668,H,0.5157,1-0,6-0,H,1,0,1,0.5372,,,,2026-09-15T09:45:04+00:00
2026-09-11,F1,Rennes,Marseille,0.3804999887943268,0.2698999941349029,0.3495999872684479,H,0.5371,1-1,1-0,H,1,0,0,0.9663,A,-0.0857,-1.0,2026-09-15T09:45:04+00:00
2026-09-11,I1,Venezia,Fiorentina,0.3294000029563904,0.2632000148296356,0.4074000120162964,A,0.4062,1-1,2-4,A,1,0,0,0.898,A,0.0714,1.55,2026-09-15T09:45:04+00:00
2026-09-11,N1,AZ Alkmaar,Willem II,0.7598000168800354,0.155699998140335,0.0844999998807907,H,0.6756,2-0,1-1,D,0,0,0,1.8598,D,-0.0588,7.0,2026-09-15T09:45:04+00:00
2026-09-11,SP1,Sevilla,Valencia,0.3016999959945678,0.2784000039100647,0.4199000000953674,A,0.3977,1-1,1-0,H,0,0,1,1.1983,A,-0.1579,-1.0,2026-09-15T09:45:04+00:00
2026-09-11,T1,Besiktas,Erzurumspor,0.6960999965667725,0.1842000037431717,0.1198000013828277,H,0.6476,2-0,3-0,H,1,0,1,0.3623,,,,2026-09-15T09:45:04+00:00
2026-09-12,B1,Beveren,St Truiden,0.2761000096797943,0.2524999976158142,0.4713999927043915,A,0.5954,1-1,2-0,H,0,0,0,1.287,A,-0.0444,-1.0,2026-09-15T09:45:04+00:00
2026-09-12,B1,Oud-Heverlee Leuven,Cercle Brugge,0.2745999991893768,0.2754999995231628,0.4499000012874603,A,0.4797,1-1,1-1,D,0,1,1,1.2892,A,-0.0494,-1.0,2026-09-15T09:45:04+00:00
2026-09-12,B1,St. Gilloise,Lommel SK,0.7817999720573425,0.1457999944686889,0.0724000036716461,H,0.6263,3-0,5-0,H,1,0,1,0.2462,,,,2026-09-15T09:45:04+00:00
2026-09-12,B1,Westerlo,Standard,0.3799000084400177,0.2764999866485595,0.3436999917030334,H,0.489,1-1,4-2,H,1,0,0,0.9678,,,,2026-09-15T09:45:04+00:00
2026-09-12,D1,Augsburg,Leverkusen,0.222800001502037,0.2233999967575073,0.5537999868392944,A,0.6208,1-2,2-2,D,0,0,1,1.4988,,,,2026-09-15T09:45:04+00:00
2026-09-12,D1,Dortmund,Paderborn,0.8036999702453613,0.1344999969005584,0.0617999993264675,H,0.6793,2-0,3-0,H,1,0,1,0.2185,,,,2026-09-15T09:45:04+00:00
2026-09-12,D1,FC Koln,Werder Bremen,0.4005999863147735,0.2786999940872192,0.3206999897956848,H,0.5195,1-1,1-1,D,0,1,0,1.2776,A,0.0154,-1.0,2026-09-15T09:45:04+00:00
2026-09-12,D1,Freiburg,M'gladbach,0.5266000032424927,0.2637999951839447,0.2096000015735626,H,0.5955,1-1,5-0,H,1,0,1,0.6413,D,0.0561,-1.0,2026-09-15T09:45:04+00:00
2026-09-12,D1,Hoffenheim,Stuttgart,0.3388999998569488,0.2667999863624573,0.3943000137805938,A,0.5762,1-1,2-1,H,0,0,1,1.0821,A,-0.0607,-1.0,2026-09-15T09:45:04+00:00
2026-09-12,D1,Mainz,Ein Frankfurt,0.4106000065803528,0.2770000100135803,0.3122999966144562,H,0.5719,1-1,1-3,A,0,0,1,1.1638,D,-0.0476,-1.0,2026-09-15T09:45:04+00:00
2026-09-12,E0,Aston Villa,Nott'm Forest,0.4875999987125397,0.2581999897956848,0.2542000114917755,H,0.6277,1-1,1-2,A,0,0,1,1.3696,H,-0.0222,-1.0,2026-09-15T09:45:04+00:00
2026-09-12,E0,Bournemouth,Brentford,0.4982999861240387,0.2793000042438507,0.2223999947309494,H,0.3439,1-0,2-2,D,0,0,0,1.2755,H,0.1111,-1.0,2026-09-15T09:45:04+00:00
2026-09-12,E0,Chelsea,Hull,0.6308000087738037,0.2287999987602234,0.1404000073671341,H,0.501,2-0,2-2,D,0,0,1,1.4749,D,0.0,5.5,2026-09-15T09:45:04+00:00
2026-09-12,E0,Crystal Palace,Ipswich,0.5023000240325928,0.2626000046730041,0.2351000010967254,H,0.5626,1-1,2-3,A,0,0,1,1.4477,,,,2026-09-15T09:45:04+00:00
2026-09-12,E0,Liverpool,Fulham,0.5051000118255615,0.2610000073909759,0.2338999956846237,H,0.4997,1-1,0-0,D,0,0,1,1.3432,A,0.1905,-1.0,2026-09-15T09:45:04+00:00
2026-09-12,E0,Sunderland,Arsenal,0.1605000048875808,0.2239000052213668,0.6155999898910522,A,0.53,0-1,0-2,A,1,0,0,0.4852,H,0.25,-1.0,2026-09-15T09:45:04+00:00
2026-09-12,E0,Tottenham,Everton,0.3515999913215637,0.2741999924182892,0.3741999864578247,A,0.3616,1-1,0-0,D,0,0,1,1.2939,A,0.0286,-1.0,2026-09-15T09:45:04+00:00
2026-09-12,E1,Blackburn,Millwall,0.2527999877929687,0.2518999874591827,0.4952999949455261,A,0.4483,1-1,3-1,H,0,0,0,1.3752,A,-0.1433,-1.0,2026-09-15T09:45:04+00:00
2026-09-12,E1,Bolton,Cardiff,0.2797000110149383,0.2551000118255615,0.4652000069618225,A,0.5025,1-1,1-0,H,0,0,0,1.274,A,0.087,-1.0,2026-09-15T09:45:04+00:00
2026-09-12,E1,Charlton,Portsmouth,0.3513999879360199,0.2782000005245209,0.3704999983310699,A,0.4246,1-1,0-0,D,0,0,1,1.2794,,,,2026-09-15T09:45:04+00:00
2026-09-12,E1,Derby,Birmingham,0.349700003862381,0.2712999880313873,0.3790999948978424,A,0.4573,1-1,1-2,A,1,0,0,0.97,H,0.0625,-1.0,2026-09-15T09:45:04+00:00
2026-09-12,E1,Middlesbrough,Norwich,0.4614000022411346,0.2766999900341034,0.2619000077247619,H,0.5128,1-1,4-3,H,1,0,1,0.7735,D,0.0,-1.0,2026-09-15T09:45:04+00:00
2026-09-12,E1,Preston,Lincoln,0.3517000079154968,0.2644999921321869,0.3837999999523163,A,0.4957,1-1,0-1,A,1,0,1,0.9576,A,0.0909,2.0,2026-09-15T09:45:04+00:00
2026-09-12,E1,Southampton,Bristol City,0.5493000149726868,0.248999997973442,0.2017000019550323,H,0.5309,1-1,4-1,H,1,0,1,0.5991,,,,2026-09-15T09:45:04+00:00
2026-09-12,E1,Swansea,Burnley,0.365799993276596,0.2689999938011169,0.365200012922287,H,0.4661,1-1,3-1,H,1,0,0,1.0057,A,-0.0294,-1.0,2026-09-15T09:45:04+00:00
2026-09-12,E1,Watford,Stoke,0.3567999899387359,0.2721999883651733,0.3709000051021576,A,0.4676,1-1,1-2,A,1,0,0,0.9918,A,-0.0462,2.1,2026-09-15T09:45:04+00:00
2026-09-12,E1,West Brom,QPR,0.4472000002861023,0.2576000094413757,0.295199990272522,H,0.4474,1-1,1-1,D,0,1,1,1.3563,A,0.0588,-1.0,2026-09-15T09:45:04+00:00
2026-09-12,F1,Auxerre,Nice,0.4163999855518341,0.2806999981403351,0.3028999865055084,H,0.4279,1-1,1-0,H,1,0,1,0.8761,H,-0.0931,1.63,2026-09-15T09:45:04+00:00
2026-09-12,F1,Le Havre,Angers,0.4555999934673309,0.2748000025749206,0.2696999907493591,H,0.3578,1-1,0-0,D,0,0,1,1.2917,H,-0.0192,-1.0,2026-09-15T09:45:04+00:00
2026-09-12,F1,Lorient,Toulouse,0.4226000010967254,0.2824999988079071,0.2948000133037567,H,0.4741,1-1,2-2,D,0,0,0,1.2641,H,0.1435,-1.0,2026-09-15T09:45:04+00:00
2026-09-12,F1,Paris FC,Lyon,0.3226000070571899,0.2707000076770782,0.4066999852657318,A,0.5385,1-1,0-0,D,0,0,0,1.3067,A,-0.0304,-1.0,2026-09-15T09:45:04+00:00
2026-09-12,F1,Strasbourg,Monaco,0.3853999972343445,0.2644000053405761,0.3501999974250793,H,0.5509,1-1,1-1,D,0,1,0,1.3303,H,0.0333,-1.0,2026-09-15T09:45:04+00:00
2026-09-12,G1,Iraklis,Atromitos,0.2894999980926513,0.2743000090122223,0.4361999928951263,A,0.393,1-1,1-1,D,0,1,1,1.2935,A,0.0,-1.0,2026-09-15T09:45:04+00:00
2026-09-12,G1,Olympiakos,OFI Crete,0.8274999856948853,0.1106000021100044,0.0617999993264675,H,0.6878,2-0,0-1,A,0,0,0,2.7839,,,,2026-09-15T09:45:04+00:00
2026-09-12,I1,Atalanta,Cagliari,0.5616999864578247,0.2682999968528747,0.1700000017881393,H,0.4892,1-0,1-2,A,0,0,0,1.772,D,0.0526,-1.0,2026-09-15T09:45:04+00:00
2026-09-12,I1,Genoa,Frosinone,0.4537000060081482,0.2800000011920929,0.2662999927997589,H,0.4655,1-1,1-1,D,0,1,1,1.273,,,,2026-09-15T09:45:04+00:00
2026-09-12,I1,Lazio,Milan,0.4113000035285949,0.2892999947071075,0.2994000017642975,H,0.3752,1-1,2-2,D,0,0,0,1.2403,H,-0.1282,-1.0,2026-09-15T09:45:04+00:00
2026-09-12,N1,Cambuur,Nijmegen,0.1527999937534332,0.202000007033348,0.6452000141143799,A,0.5982,1-2,3-0,H,0,0,1,1.8786,,,,2026-09-15T09:45:04+00:00
2026-09-12,N1,For Sittard,Ajax,0.1985999941825866,0.2216999977827072,0.5796999931335449,A,0.6114,1-1,1-5,A,1,0,1,0.5452,D,-0.0455,-1.0,2026-09-15T09:45:04+00:00
2026-09-12,N1,Go Ahead Eagles,Groningen,0.3855000138282776,0.2872999906539917,0.3271999955177307,H,0.5973,1-1,1-1,D,0,1,0,1.2472,D,-0.0244,3.0,2026-09-15T09:45:04+00:00
2026-09-12,N1,Twente,Den Haag,0.8079000115394592,0.1189000010490417,0.0732000023126602,H,0.6872,2-0,2-0,H,1,1,0,0.2133,,,,2026-09-15T09:45:04+00:00
2026-09-12,P1,Academico Viseu,Guimaraes,0.3470999896526336,0.2694999873638153,0.3833999931812286,A,0.4281,1-1,2-1,H,0,0,0,1.0581,H,0.0571,2.7,2026-09-15T09:45:04+00:00
2026-09-12,P1,Casa Pia,Porto,0.1535000056028366,0.2079000025987625,0.6385999917984009,A,0.5833,0-1,1-4,A,1,0,1,0.4485,H,-0.2308,-1.0,2026-09-15T09:45:04+00:00
2026-09-12,P1,Nacional,Alverca,0.3978999853134155,0.2718999981880188,0.3301999866962433,H,0.4808,1-1,1-3,A,0,0,0,1.1081,H,-0.0887,-1.0,2026-09-15T09:45:04+00:00
2026-09-12,SP1,Ath Bilbao,Elche,0.4670000076293945,0.2840000092983246,0.248999997973442,H,0.4921,1-1,1-1,D,0,1,1,1.2588,A,0.0,-1.0,2026-09-15T09:45:04+00:00
2026-09-12,SP1,Osasuna,Espanol,0.4293000102043152,0.2764999866485595,0.2942000031471252,H,0.3394,1-1,0-2,A,0,0,1,1.2235,A,0.1029,2.75,2026-09-15T09:45:04+00:00
2026-09-12,SP1,Real Madrid,Vallecano,0.7192999720573425,0.1835999935865402,0.0971999987959861,H,0.6353,2-0,4-1,H,1,0,1,0.3295,D,0.1875,-1.0,2026-09-15T09:45:04+00:00
2026-09-12,SP1,Santander,Alaves,0.3889000117778778,0.272599995136261,0.3384999930858612,H,0.4725,1-1,2-1,H,1,0,0,0.9444,,,,2026-09-15T09:45:04+00:00
2026-09-12,T1,Alanyaspor,Goztep,0.3151000142097473,0.2763000130653381,0.4086000025272369,A,0.4403,1-1,2-2,D,0,0,0,1.2863,A,0.0,-1.0,2026-09-15T09:45:04+00:00
2026-09-12,T1,Eyupspor,Rizespor,0.3447999954223633,0.2894999980926513,0.3657000064849853,A,0.3648,1-1,0-2,A,1,0,1,1.0059,H,0.0,-1.0,2026-09-15T09:45:04+00:00
2026-09-12,T1,Konyaspor,Trabzonspor,0.2448000013828277,0.2563999891281128,0.4988999962806701,A,0.4838,1-1,1-0,H,0,0,1,1.4073,,,,2026-09-15T09:45:04+00:00
2026-09-12,T1,Samsunspor,Corum,0.6419000029563904,0.2212000042200088,0.1368999928236007,H,0.6094,2-0,1-5,A,0,0,1,1.9885,H,-0.1289,-1.0,2026-09-15T09:45:04+00:00
2026-09-13,B1,Club Brugge,Antwerp,0.7954999804496765,0.131300002336502,0.0731000006198883,H,0.7766,2-0,3-1,H,1,0,1,0.2288,,,,2026-09-15T09:45:04+00:00
2026-09-13,B1,Genk,Gent,0.6065999865531921,0.2193000018596649,0.1740999966859817,H,0.4458,1-1,1-1,D,0,1,1,1.5173,H,-0.0905,-1.0,2026-09-15T09:45:04+00:00
2026-09-13,B1,RAAL La Louviere,Kortrijk,0.3957000076770782,0.2779000103473663,0.3262999951839447,H,0.4697,1-1,3-0,H,1,0,0,0.9271,,,,2026-09-15T09:45:04+00:00
2026-09-13,B1,Waregem,Charleroi,0.3445000052452087,0.2851999998092651,0.3704000115394592,A,0.4661,1-1,0-1,A,1,0,1,0.9932,,,,2026-09-15T09:45:04+00:00
2026-09-13,D1,Elversberg,Bayern Munich,0.1273999959230423,0.1662999987602234,0.7063000202178955,A,0.482,1-2,1-2,A,1,1,0,0.3477,D,0.0,-1.0,2026-09-15T09:45:04+00:00
2026-09-13,D1,RB Leipzig,Hamburg,0.7458000183105469,0.1492999941110611,0.1049000024795532,H,0.6702,2-0,5-0,H,1,0,1,0.2933,H,-0.0145,0.36,2026-09-15T09:45:04+00:00
2026-09-13,E0,Coventry,Brighton,0.3366999924182892,0.2795000076293945,0.3837999999523163,A,0.5514,1-1,0-5,A,1,0,1,0.9576,H,0.027,-1.0,2026-09-15T09:45:04+00:00
2026-09-13,E0,Man United,Man City,0.2919999957084656,0.2520999908447265,0.4557999968528747,A,0.4512,1-1,0-1,A,1,0,1,0.7857,,,,2026-09-15T09:45:04+00:00
2026-09-13,E1,Sheffield United,Wolves,0.4068999886512756,0.2709999978542328,0.3221000134944916,H,0.5427,1-1,0-1,A,0,0,0,1.1329,H,-0.0154,-1.0,2026-09-15T09:45:04+00:00
2026-09-13,F1,Brest,Paris SG,0.1198000013828277,0.1777999997138977,0.7024000287055969,A,0.6391,0-2,0-1,A,1,0,0,0.3533,H,-0.0833,-1.0,2026-09-15T09:45:04+00:00
2026-09-13,F1,Le Mans,Lens,0.1745000034570694,0.190200001001358,0.6352999806404114,A,0.564,0-2,2-2,D,0,0,1,1.6597,A,0.0185,-1.0,2026-09-15T09:45:05+00:00
2026-09-13,F1,Lille,Troyes,0.8370000123977661,0.1076000034809112,0.0553999990224838,H,0.5365,2-0,2-0,H,1,1,0,0.1779,H,-0.0667,0.4,2026-09-15T09:45:05+00:00
2026-09-13,G1,Asteras Tripolis,AEK,0.1573999971151352,0.2137999981641769,0.6288999915122986,A,0.555,0-2,1-1,D,0,0,0,1.5427,H,0.1333,-1.0,2026-09-15T09:45:05+00:00
2026-09-13,G1,Kalamata,Volos NFC,0.504800021648407,0.2653000056743622,0.2299000024795532,H,0.5712,1-1,3-1,H,1,0,1,0.6836,H,-0.0272,1.5,2026-09-15T09:45:05+00:00
2026-09-13,G1,Kifisia,Levadeiakos,0.3781999945640564,0.2619999945163727,0.3598000109195709,H,0.4635,1-1,0-0,D,0,0,1,1.3394,A,-0.2308,-1.0,2026-09-15T09:45:05+00:00
2026-09-13,G1,PAOK,Aris,0.4745000004768371,0.2594000101089477,0.2660999894142151,H,0.3959,1-1,2-0,H,1,0,1,0.7455,A,0.0455,-1.0,2026-09-15T09:45:05+00:00
2026-09-13,G1,Panathinaikos,Panetolikos,0.7454000115394592,0.1717000007629394,0.0829999968409538,H,0.5038,2-0,3-0,H,1,0,1,0.2938,H,0.1111,0.3,2026-09-15T09:45:05+00:00
2026-09-13,I1,Lecce,Monza,0.4532999992370605,0.2761000096797943,0.2705999910831451,H,0.3362,1-1,3-2,H,1,0,0,0.7912,H,-0.0625,1.7,2026-09-15T09:45:05+00:00
2026-09-13,I1,Napoli,Bologna,0.541100025177002,0.2449000030755996,0.2140000015497207,H,0.3936,1-0,1-0,H,1,1,1,0.6142,,,,2026-09-15T09:45:05+00:00
2026-09-13,I1,Sassuolo,Juventus,0.1462000012397766,0.1995999962091446,0.65420001745224,A,0.5145,0-2,3-2,H,0,0,1,1.9228,A,-0.0182,-1.0,2026-09-15T09:45:05+00:00
2026-09-13,N1,Excelsior,Utrecht,0.2460000067949295,0.241799995303154,0.5121999979019165,A,0.6049,1-1,1-2,A,1,0,1,0.669,A,0.0417,2.0,2026-09-15T09:45:05+00:00
2026-09-13,N1,Heerenveen,Telstar,0.4510999917984009,0.2827000021934509,0.2662000060081482,H,0.6375,1-1,0-0,D,0,0,0,1.2634,D,0.0,3.5,2026-09-15T09:45:05+00:00
2026-09-13,N1,PSV Eindhoven,Sparta Rotterdam,0.8432999849319458,0.1036000028252601,0.0531000010669231,H,0.6824,3-0,4-1,H,1,0,1,0.1704,,,,2026-09-15T09:45:05+00:00
2026-09-13,N1,Zwolle,Feyenoord,0.1243000030517578,0.1932000070810318,0.6825000047683716,A,0.6651,0-2,0-7,A,1,0,1,0.382,,,,2026-09-15T09:45:05+00:00
2026-09-13,P1,Arouca,Santa Clara,0.4325000047683716,0.2815999984741211,0.2858999967575073,H,0.3912,1-1,1-2,A,0,0,0,1.2521,H,0.0078,-1.0,2026-09-15T09:45:05+00:00
2026-09-13,P1,Benfica,Gil Vicente,0.7664999961853027,0.1568000018596649,0.0766000002622604,H,0.5805,2-0,3-1,H,1,0,1,0.2659,D,-0.0625,-1.0,2026-09-15T09:45:05+00:00
2026-09-13,P1,Famalicao,Sp Lisbon,0.1800999939441681,0.2252999991178512,0.5946000218391418,A,0.552,1-1,1-1,D,0,1,0,1.4903,,,,2026-09-15T09:45:05+00:00
2026-09-13,SP1,Celta,Malaga,0.6276000142097473,0.2353000044822693,0.1369999945163726,H,0.4617,1-1,1-1,D,0,1,1,1.4469,H,0.018,-1.0,2026-09-15T09:45:05+00:00
2026-09-13,SP1,Getafe,La Coruna,0.4767000079154968,0.2773000001907348,0.2460000067949295,H,0.4218,1-1,1-1,D,0,1,1,1.2827,H,-0.0588,-1.0,2026-09-15T09:45:05+00:00
2026-09-13,SP1,Levante,Barcelona,0.1579000055789947,0.2010000050067901,0.640999972820282,A,0.6436,0-2,2-4,A,1,0,1,0.4447,H,0.3077,-1.0,2026-09-15T09:45:05+00:00
2026-09-13,SP1,Sociedad,Ath Madrid,0.273499995470047,0.2682999968528747,0.4580999910831451,A,0.5437,1-1,0-3,A,1,0,1,0.7807,A,0.161,1.38,2026-09-15T09:45:05+00:00
2026-09-13,T1,Amedspor,Buyuksehyr,0.2393999993801117,0.2511999905109405,0.5094000101089478,A,0.5349,1-1,5-0,H,0,0,1,1.4296,A,-0.0078,-1.0,2026-09-15T09:45:05+00:00
2026-09-13,T1,Galatasaray,Kocaelispor,0.8184999823570251,0.1238000020384788,0.0577000007033348,H,0.6324,2-0,1-0,H,1,0,0,0.2003,H,0.0656,0.3,2026-09-15T09:45:05+00:00
2026-09-13,T1,Genclerbirligi,Kasimpasa,0.3361999988555908,0.2829999923706054,0.3808999955654144,A,0.2992,1-1,1-2,A,1,0,0,0.9652,A,0.0,2.1,2026-09-15T09:45:05+00:00
2026-09-14,E0,Leeds,Newcastle,0.4122999906539917,0.2736000120639801,0.3140999972820282,H,0.4476,1-1,4-1,H,1,0,0,0.886,,,,2026-09-15T09:45:05+00:00
2026-09-14,I1,Como,Parma,0.7168999910354614,0.1696999967098236,0.1133000031113624,H,0.5532,2-0,2-1,H,1,0,1,0.3328,A,0.0,-1.0,2026-09-15T09:45:05+00:00
2026-09-14,I1,Inter,Udinese,0.7312999963760376,0.1724999994039535,0.0961999967694282,H,0.6899,2-0,5-3,H,1,0,1,0.3129,,,,2026-09-15T09:45:05+00:00
2026-09-14,I1,Torino,Roma,0.209999993443489,0.2368000000715255,0.5532000064849854,A,0.4267,1-1,0-2,A,1,0,1,0.592,H,0.0,-1.0,2026-09-15T09:45:05+00:00
2026-09-14,P1,Moreirense,Maritimo,0.42289999127388,0.2816999852657318,0.2953999936580658,H,0.4672,1-1,3-1,H,1,0,0,0.8606,H,-0.1111,1.4,2026-09-15T09:45:05+00:00
2026-09-14,P1,Rio Ave,Estrela,0.4257999956607818,0.2899999916553497,0.2842000126838684,H,0.3971,1-1,3-3,D,0,0,0,1.2379,H,0.0,-1.0,2026-09-15T09:45:05+00:00
2026-09-14,P1,Sp Braga,Estoril,0.6543999910354614,0.2213999927043914,0.1242000013589859,H,0.4585,1-0,1-0,H,1,1,1,0.424,,,,2026-09-15T09:45:05+00:00
2026-09-14,SP1,Villarreal,Betis,0.4731000065803528,0.2754000127315521,0.2515000104904175,H,0.5188,1-1,1-2,A,0,0,1,1.3803,D,0.0,-1.0,2026-09-15T09:45:05+00:00
2026-09-14,T1,Gaziantep,Fenerbahce,0.1420000046491623,0.1898999959230423,0.6680999994277954,A,0.5923,1-1,0-0,D,0,0,0,1.6613,A,0.0634,-1.0,2026-09-15T09:45:05+00:00
